-- MySQL dump 10.13  Distrib 8.0.46, for Win64 (x86_64)
--
-- Host: 127.0.0.1    Database: cricbuzz
-- ------------------------------------------------------
-- Server version	8.0.46

/*!40101 SET @OLD_CHARACTER_SET_CLIENT=@@CHARACTER_SET_CLIENT */;
/*!40101 SET @OLD_CHARACTER_SET_RESULTS=@@CHARACTER_SET_RESULTS */;
/*!40101 SET @OLD_COLLATION_CONNECTION=@@COLLATION_CONNECTION */;
/*!50503 SET NAMES utf8 */;
/*!40103 SET @OLD_TIME_ZONE=@@TIME_ZONE */;
/*!40103 SET TIME_ZONE='+00:00' */;
/*!40014 SET @OLD_UNIQUE_CHECKS=@@UNIQUE_CHECKS, UNIQUE_CHECKS=0 */;
/*!40014 SET @OLD_FOREIGN_KEY_CHECKS=@@FOREIGN_KEY_CHECKS, FOREIGN_KEY_CHECKS=0 */;
/*!40101 SET @OLD_SQL_MODE=@@SQL_MODE, SQL_MODE='NO_AUTO_VALUE_ON_ZERO' */;
/*!40111 SET @OLD_SQL_NOTES=@@SQL_NOTES, SQL_NOTES=0 */;

--
-- Table structure for table `batting_stats`
--

DROP TABLE IF EXISTS `batting_stats`;
/*!40101 SET @saved_cs_client     = @@character_set_client */;
/*!50503 SET character_set_client = utf8mb4 */;
CREATE TABLE `batting_stats` (
  `stat_id` int NOT NULL AUTO_INCREMENT,
  `player_id` int DEFAULT NULL,
  `match_id` bigint DEFAULT NULL,
  `runs` int DEFAULT NULL,
  `balls` int DEFAULT NULL,
  `fours` int DEFAULT NULL,
  `sixes` int DEFAULT NULL,
  `strike_rate` float DEFAULT NULL,
  PRIMARY KEY (`stat_id`),
  KEY `player_id` (`player_id`),
  KEY `match_id` (`match_id`),
  CONSTRAINT `batting_stats_ibfk_1` FOREIGN KEY (`player_id`) REFERENCES `players` (`player_id`),
  CONSTRAINT `batting_stats_ibfk_2` FOREIGN KEY (`match_id`) REFERENCES `matches` (`match_id`)
) ENGINE=InnoDB AUTO_INCREMENT=2038 DEFAULT CHARSET=utf8mb4 COLLATE=utf8mb4_0900_ai_ci;
/*!40101 SET character_set_client = @saved_cs_client */;

--
-- Dumping data for table `batting_stats`
--

LOCK TABLES `batting_stats` WRITE;
/*!40000 ALTER TABLE `batting_stats` DISABLE KEYS */;
INSERT INTO `batting_stats` VALUES (3,1114,40381,5,5,1,0,100),(4,6710,40381,10,5,2,0,200),(5,11131,40381,84,56,9,3,150),(6,18143,40381,17,11,2,1,154.55),(7,6471,40381,5,10,0,0,50),(8,13309,40381,4,5,0,0,80),(9,11129,40381,1,3,0,0,33.33),(10,10449,40381,3,4,0,0,75),(11,12769,40381,13,11,1,0,118.18),(12,10451,40381,0,1,0,0,0),(13,11124,40381,2,2,0,0,100),(14,1114,40381,5,5,1,0,100),(15,6710,40381,10,5,2,0,200),(16,11131,40381,84,56,9,3,150),(17,18143,40381,17,11,2,1,154.55),(18,6471,40381,5,10,0,0,50),(19,13309,40381,4,5,0,0,80),(20,11129,40381,1,3,0,0,33.33),(21,10449,40381,3,4,0,0,75),(22,12769,40381,13,11,1,0,118.18),(23,10451,40381,0,1,0,0,0),(24,11124,40381,2,2,0,0,100),(25,22891,40381,16,23,1,0,69.57),(26,22896,40381,11,11,2,0,100),(27,14732,40381,26,27,2,1,96.3),(28,12788,40381,22,20,1,1,110),(29,20217,40381,27,16,1,2,168.75),(30,10699,40381,11,11,1,0,100),(31,15475,40381,10,6,2,0,166.67),(32,22901,40381,0,2,0,0,0),(33,9748,40381,5,6,0,0,83.33),(34,22531,40381,0,0,0,0,0),(35,11450,40381,0,0,0,0,0),(36,1114,121824,5,5,1,0,100),(37,6710,121824,10,5,2,0,200),(38,11131,121824,84,56,9,3,150),(39,18143,121824,17,11,2,1,154.55),(40,6471,121824,5,10,0,0,50),(41,13309,121824,4,5,0,0,80),(42,11129,121824,1,3,0,0,33.33),(43,10449,121824,3,4,0,0,75),(44,12769,121824,13,11,1,0,118.18),(45,10451,121824,0,1,0,0,0),(46,11124,121824,2,2,0,0,100),(47,22891,121824,16,23,1,0,69.57),(48,22896,121824,11,11,2,0,100),(49,14732,121824,26,27,2,1,96.3),(50,12788,121824,22,20,1,1,110),(51,20217,121824,27,16,1,2,168.75),(52,10699,121824,11,11,1,0,100),(53,15475,121824,10,6,2,0,166.67),(54,22901,121824,0,2,0,0,0),(55,9748,121824,5,6,0,0,83.33),(56,22531,121824,0,0,0,0,0),(57,11450,121824,0,0,0,0,0),(58,1114,121835,5,5,1,0,100),(59,6710,121835,10,5,2,0,200),(60,11131,121835,84,56,9,3,150),(61,18143,121835,17,11,2,1,154.55),(62,6471,121835,5,10,0,0,50),(63,13309,121835,4,5,0,0,80),(64,11129,121835,1,3,0,0,33.33),(65,10449,121835,3,4,0,0,75),(66,12769,121835,13,11,1,0,118.18),(67,10451,121835,0,1,0,0,0),(68,11124,121835,2,2,0,0,100),(69,22891,121835,16,23,1,0,69.57),(70,22896,121835,11,11,2,0,100),(71,14732,121835,26,27,2,1,96.3),(72,12788,121835,22,20,1,1,110),(73,20217,121835,27,16,1,2,168.75),(74,10699,121835,11,11,1,0,100),(75,15475,121835,10,6,2,0,166.67),(76,22901,121835,0,2,0,0,0),(77,9748,121835,5,6,0,0,83.33),(78,22531,121835,0,0,0,0,0),(79,11450,121835,0,0,0,0,0),(80,1114,121840,5,5,1,0,100),(81,6710,121840,10,5,2,0,200),(82,11131,121840,84,56,9,3,150),(83,18143,121840,17,11,2,1,154.55),(84,6471,121840,5,10,0,0,50),(85,13309,121840,4,5,0,0,80),(86,11129,121840,1,3,0,0,33.33),(87,10449,121840,3,4,0,0,75),(88,12769,121840,13,11,1,0,118.18),(89,10451,121840,0,1,0,0,0),(90,11124,121840,2,2,0,0,100),(91,22891,121840,16,23,1,0,69.57),(92,22896,121840,11,11,2,0,100),(93,14732,121840,26,27,2,1,96.3),(94,12788,121840,22,20,1,1,110),(95,20217,121840,27,16,1,2,168.75),(96,10699,121840,11,11,1,0,100),(97,15475,121840,10,6,2,0,166.67),(98,22901,121840,0,2,0,0,0),(99,9748,121840,5,6,0,0,83.33),(100,22531,121840,0,0,0,0,0),(101,11450,121840,0,0,0,0,0),(102,1114,121846,5,5,1,0,100),(103,6710,121846,10,5,2,0,200),(104,11131,121846,84,56,9,3,150),(105,18143,121846,17,11,2,1,154.55),(106,6471,121846,5,10,0,0,50),(107,13309,121846,4,5,0,0,80),(108,11129,121846,1,3,0,0,33.33),(109,10449,121846,3,4,0,0,75),(110,12769,121846,13,11,1,0,118.18),(111,10451,121846,0,1,0,0,0),(112,11124,121846,2,2,0,0,100),(113,22891,121846,16,23,1,0,69.57),(114,22896,121846,11,11,2,0,100),(115,14732,121846,26,27,2,1,96.3),(116,12788,121846,22,20,1,1,110),(117,20217,121846,27,16,1,2,168.75),(118,10699,121846,11,11,1,0,100),(119,15475,121846,10,6,2,0,166.67),(120,22901,121846,0,2,0,0,0),(121,9748,121846,5,6,0,0,83.33),(122,22531,121846,0,0,0,0,0),(123,11450,121846,0,0,0,0,0),(124,1114,121857,5,5,1,0,100),(125,6710,121857,10,5,2,0,200),(126,11131,121857,84,56,9,3,150),(127,18143,121857,17,11,2,1,154.55),(128,6471,121857,5,10,0,0,50),(129,13309,121857,4,5,0,0,80),(130,11129,121857,1,3,0,0,33.33),(131,10449,121857,3,4,0,0,75),(132,12769,121857,13,11,1,0,118.18),(133,10451,121857,0,1,0,0,0),(134,11124,121857,2,2,0,0,100),(135,22891,121857,16,23,1,0,69.57),(136,22896,121857,11,11,2,0,100),(137,14732,121857,26,27,2,1,96.3),(138,12788,121857,22,20,1,1,110),(139,20217,121857,27,16,1,2,168.75),(140,10699,121857,11,11,1,0,100),(141,15475,121857,10,6,2,0,166.67),(142,22901,121857,0,2,0,0,0),(143,9748,121857,5,6,0,0,83.33),(144,22531,121857,0,0,0,0,0),(145,11450,121857,0,0,0,0,0),(146,1114,121868,5,5,1,0,100),(147,6710,121868,10,5,2,0,200),(148,11131,121868,84,56,9,3,150),(149,18143,121868,17,11,2,1,154.55),(150,6471,121868,5,10,0,0,50),(151,13309,121868,4,5,0,0,80),(152,11129,121868,1,3,0,0,33.33),(153,10449,121868,3,4,0,0,75),(154,12769,121868,13,11,1,0,118.18),(155,10451,121868,0,1,0,0,0),(156,11124,121868,2,2,0,0,100),(157,22891,121868,16,23,1,0,69.57),(158,22896,121868,11,11,2,0,100),(159,14732,121868,26,27,2,1,96.3),(160,12788,121868,22,20,1,1,110),(161,20217,121868,27,16,1,2,168.75),(162,10699,121868,11,11,1,0,100),(163,15475,121868,10,6,2,0,166.67),(164,22901,121868,0,2,0,0,0),(165,9748,121868,5,6,0,0,83.33),(166,22531,121868,0,0,0,0,0),(167,11450,121868,0,0,0,0,0),(168,1114,121873,5,5,1,0,100),(169,6710,121873,10,5,2,0,200),(170,11131,121873,84,56,9,3,150),(171,18143,121873,17,11,2,1,154.55),(172,6471,121873,5,10,0,0,50),(173,13309,121873,4,5,0,0,80),(174,11129,121873,1,3,0,0,33.33),(175,10449,121873,3,4,0,0,75),(176,12769,121873,13,11,1,0,118.18),(177,10451,121873,0,1,0,0,0),(178,11124,121873,2,2,0,0,100),(179,22891,121873,16,23,1,0,69.57),(180,22896,121873,11,11,2,0,100),(181,14732,121873,26,27,2,1,96.3),(182,12788,121873,22,20,1,1,110),(183,20217,121873,27,16,1,2,168.75),(184,10699,121873,11,11,1,0,100),(185,15475,121873,10,6,2,0,166.67),(186,22901,121873,0,2,0,0,0),(187,9748,121873,5,6,0,0,83.33),(188,22531,121873,0,0,0,0,0),(189,11450,121873,0,0,0,0,0),(190,1114,121879,5,5,1,0,100),(191,6710,121879,10,5,2,0,200),(192,11131,121879,84,56,9,3,150),(193,18143,121879,17,11,2,1,154.55),(194,6471,121879,5,10,0,0,50),(195,13309,121879,4,5,0,0,80),(196,11129,121879,1,3,0,0,33.33),(197,10449,121879,3,4,0,0,75),(198,12769,121879,13,11,1,0,118.18),(199,10451,121879,0,1,0,0,0),(200,11124,121879,2,2,0,0,100),(201,22891,121879,16,23,1,0,69.57),(202,22896,121879,11,11,2,0,100),(203,14732,121879,26,27,2,1,96.3),(204,12788,121879,22,20,1,1,110),(205,20217,121879,27,16,1,2,168.75),(206,10699,121879,11,11,1,0,100),(207,15475,121879,10,6,2,0,166.67),(208,22901,121879,0,2,0,0,0),(209,9748,121879,5,6,0,0,83.33),(210,22531,121879,0,0,0,0,0),(211,11450,121879,0,0,0,0,0),(212,1114,121890,5,5,1,0,100),(213,6710,121890,10,5,2,0,200),(214,11131,121890,84,56,9,3,150),(215,18143,121890,17,11,2,1,154.55),(216,6471,121890,5,10,0,0,50),(217,13309,121890,4,5,0,0,80),(218,11129,121890,1,3,0,0,33.33),(219,10449,121890,3,4,0,0,75),(220,12769,121890,13,11,1,0,118.18),(221,10451,121890,0,1,0,0,0),(222,11124,121890,2,2,0,0,100),(223,22891,121890,16,23,1,0,69.57),(224,22896,121890,11,11,2,0,100),(225,14732,121890,26,27,2,1,96.3),(226,12788,121890,22,20,1,1,110),(227,20217,121890,27,16,1,2,168.75),(228,10699,121890,11,11,1,0,100),(229,15475,121890,10,6,2,0,166.67),(230,22901,121890,0,2,0,0,0),(231,9748,121890,5,6,0,0,83.33),(232,22531,121890,0,0,0,0,0),(233,11450,121890,0,0,0,0,0),(234,1114,121901,5,5,1,0,100),(235,6710,121901,10,5,2,0,200),(236,11131,121901,84,56,9,3,150),(237,18143,121901,17,11,2,1,154.55),(238,6471,121901,5,10,0,0,50),(239,13309,121901,4,5,0,0,80),(240,11129,121901,1,3,0,0,33.33),(241,10449,121901,3,4,0,0,75),(242,12769,121901,13,11,1,0,118.18),(243,10451,121901,0,1,0,0,0),(244,11124,121901,2,2,0,0,100),(245,22891,121901,16,23,1,0,69.57),(246,22896,121901,11,11,2,0,100),(247,14732,121901,26,27,2,1,96.3),(248,12788,121901,22,20,1,1,110),(249,20217,121901,27,16,1,2,168.75),(250,10699,121901,11,11,1,0,100),(251,15475,121901,10,6,2,0,166.67),(252,22901,121901,0,2,0,0,0),(253,9748,121901,5,6,0,0,83.33),(254,22531,121901,0,0,0,0,0),(255,11450,121901,0,0,0,0,0),(256,1114,121912,5,5,1,0,100),(257,6710,121912,10,5,2,0,200),(258,11131,121912,84,56,9,3,150),(259,18143,121912,17,11,2,1,154.55),(260,6471,121912,5,10,0,0,50),(261,13309,121912,4,5,0,0,80),(262,11129,121912,1,3,0,0,33.33),(263,10449,121912,3,4,0,0,75),(264,12769,121912,13,11,1,0,118.18),(265,10451,121912,0,1,0,0,0),(266,11124,121912,2,2,0,0,100),(267,22891,121912,16,23,1,0,69.57),(268,22896,121912,11,11,2,0,100),(269,14732,121912,26,27,2,1,96.3),(270,12788,121912,22,20,1,1,110),(271,20217,121912,27,16,1,2,168.75),(272,10699,121912,11,11,1,0,100),(273,15475,121912,10,6,2,0,166.67),(274,22901,121912,0,2,0,0,0),(275,9748,121912,5,6,0,0,83.33),(276,22531,121912,0,0,0,0,0),(277,11450,121912,0,0,0,0,0),(278,1114,121923,5,5,1,0,100),(279,6710,121923,10,5,2,0,200),(280,11131,121923,84,56,9,3,150),(281,18143,121923,17,11,2,1,154.55),(282,6471,121923,5,10,0,0,50),(283,13309,121923,4,5,0,0,80),(284,11129,121923,1,3,0,0,33.33),(285,10449,121923,3,4,0,0,75),(286,12769,121923,13,11,1,0,118.18),(287,10451,121923,0,1,0,0,0),(288,11124,121923,2,2,0,0,100),(289,22891,121923,16,23,1,0,69.57),(290,22896,121923,11,11,2,0,100),(291,14732,121923,26,27,2,1,96.3),(292,12788,121923,22,20,1,1,110),(293,20217,121923,27,16,1,2,168.75),(294,10699,121923,11,11,1,0,100),(295,15475,121923,10,6,2,0,166.67),(296,22901,121923,0,2,0,0,0),(297,9748,121923,5,6,0,0,83.33),(298,22531,121923,0,0,0,0,0),(299,11450,121923,0,0,0,0,0),(300,1114,129563,5,5,1,0,100),(301,6710,129563,10,5,2,0,200),(302,11131,129563,84,56,9,3,150),(303,18143,129563,17,11,2,1,154.55),(304,6471,129563,5,10,0,0,50),(305,13309,129563,4,5,0,0,80),(306,11129,129563,1,3,0,0,33.33),(307,10449,129563,3,4,0,0,75),(308,12769,129563,13,11,1,0,118.18),(309,10451,129563,0,1,0,0,0),(310,11124,129563,2,2,0,0,100),(311,22891,129563,16,23,1,0,69.57),(312,22896,129563,11,11,2,0,100),(313,14732,129563,26,27,2,1,96.3),(314,12788,129563,22,20,1,1,110),(315,20217,129563,27,16,1,2,168.75),(316,10699,129563,11,11,1,0,100),(317,15475,129563,10,6,2,0,166.67),(318,22901,129563,0,2,0,0,0),(319,9748,129563,5,6,0,0,83.33),(320,22531,129563,0,0,0,0,0),(321,11450,129563,0,0,0,0,0),(322,1114,142349,5,5,1,0,100),(323,6710,142349,10,5,2,0,200),(324,11131,142349,84,56,9,3,150),(325,18143,142349,17,11,2,1,154.55),(326,6471,142349,5,10,0,0,50),(327,13309,142349,4,5,0,0,80),(328,11129,142349,1,3,0,0,33.33),(329,10449,142349,3,4,0,0,75),(330,12769,142349,13,11,1,0,118.18),(331,10451,142349,0,1,0,0,0),(332,11124,142349,2,2,0,0,100),(333,22891,142349,16,23,1,0,69.57),(334,22896,142349,11,11,2,0,100),(335,14732,142349,26,27,2,1,96.3),(336,12788,142349,22,20,1,1,110),(337,20217,142349,27,16,1,2,168.75),(338,10699,142349,11,11,1,0,100),(339,15475,142349,10,6,2,0,166.67),(340,22901,142349,0,2,0,0,0),(341,9748,142349,5,6,0,0,83.33),(342,22531,142349,0,0,0,0,0),(343,11450,142349,0,0,0,0,0),(344,1114,142360,5,5,1,0,100),(345,6710,142360,10,5,2,0,200),(346,11131,142360,84,56,9,3,150),(347,18143,142360,17,11,2,1,154.55),(348,6471,142360,5,10,0,0,50),(349,13309,142360,4,5,0,0,80),(350,11129,142360,1,3,0,0,33.33),(351,10449,142360,3,4,0,0,75),(352,12769,142360,13,11,1,0,118.18),(353,10451,142360,0,1,0,0,0),(354,11124,142360,2,2,0,0,100),(355,22891,142360,16,23,1,0,69.57),(356,22896,142360,11,11,2,0,100),(357,14732,142360,26,27,2,1,96.3),(358,12788,142360,22,20,1,1,110),(359,20217,142360,27,16,1,2,168.75),(360,10699,142360,11,11,1,0,100),(361,15475,142360,10,6,2,0,166.67),(362,22901,142360,0,2,0,0,0),(363,9748,142360,5,6,0,0,83.33),(364,22531,142360,0,0,0,0,0),(365,11450,142360,0,0,0,0,0),(366,1114,142362,5,5,1,0,100),(367,6710,142362,10,5,2,0,200),(368,11131,142362,84,56,9,3,150),(369,18143,142362,17,11,2,1,154.55),(370,6471,142362,5,10,0,0,50),(371,13309,142362,4,5,0,0,80),(372,11129,142362,1,3,0,0,33.33),(373,10449,142362,3,4,0,0,75),(374,12769,142362,13,11,1,0,118.18),(375,10451,142362,0,1,0,0,0),(376,11124,142362,2,2,0,0,100),(377,22891,142362,16,23,1,0,69.57),(378,22896,142362,11,11,2,0,100),(379,14732,142362,26,27,2,1,96.3),(380,12788,142362,22,20,1,1,110),(381,20217,142362,27,16,1,2,168.75),(382,10699,142362,11,11,1,0,100),(383,15475,142362,10,6,2,0,166.67),(384,22901,142362,0,2,0,0,0),(385,9748,142362,5,6,0,0,83.33),(386,22531,142362,0,0,0,0,0),(387,11450,142362,0,0,0,0,0),(388,1114,142365,5,5,1,0,100),(389,6710,142365,10,5,2,0,200),(390,11131,142365,84,56,9,3,150),(391,18143,142365,17,11,2,1,154.55),(392,6471,142365,5,10,0,0,50),(393,13309,142365,4,5,0,0,80),(394,11129,142365,1,3,0,0,33.33),(395,10449,142365,3,4,0,0,75),(396,12769,142365,13,11,1,0,118.18),(397,10451,142365,0,1,0,0,0),(398,11124,142365,2,2,0,0,100),(399,22891,142365,16,23,1,0,69.57),(400,22896,142365,11,11,2,0,100),(401,14732,142365,26,27,2,1,96.3),(402,12788,142365,22,20,1,1,110),(403,20217,142365,27,16,1,2,168.75),(404,10699,142365,11,11,1,0,100),(405,15475,142365,10,6,2,0,166.67),(406,22901,142365,0,2,0,0,0),(407,9748,142365,5,6,0,0,83.33),(408,22531,142365,0,0,0,0,0),(409,11450,142365,0,0,0,0,0),(410,1114,142376,5,5,1,0,100),(411,6710,142376,10,5,2,0,200),(412,11131,142376,84,56,9,3,150),(413,18143,142376,17,11,2,1,154.55),(414,6471,142376,5,10,0,0,50),(415,13309,142376,4,5,0,0,80),(416,11129,142376,1,3,0,0,33.33),(417,10449,142376,3,4,0,0,75),(418,12769,142376,13,11,1,0,118.18),(419,10451,142376,0,1,0,0,0),(420,11124,142376,2,2,0,0,100),(421,22891,142376,16,23,1,0,69.57),(422,22896,142376,11,11,2,0,100),(423,14732,142376,26,27,2,1,96.3),(424,12788,142376,22,20,1,1,110),(425,20217,142376,27,16,1,2,168.75),(426,10699,142376,11,11,1,0,100),(427,15475,142376,10,6,2,0,166.67),(428,22901,142376,0,2,0,0,0),(429,9748,142376,5,6,0,0,83.33),(430,22531,142376,0,0,0,0,0),(431,11450,142376,0,0,0,0,0),(432,1114,142387,5,5,1,0,100),(433,6710,142387,10,5,2,0,200),(434,11131,142387,84,56,9,3,150),(435,18143,142387,17,11,2,1,154.55),(436,6471,142387,5,10,0,0,50),(437,13309,142387,4,5,0,0,80),(438,11129,142387,1,3,0,0,33.33),(439,10449,142387,3,4,0,0,75),(440,12769,142387,13,11,1,0,118.18),(441,10451,142387,0,1,0,0,0),(442,11124,142387,2,2,0,0,100),(443,22891,142387,16,23,1,0,69.57),(444,22896,142387,11,11,2,0,100),(445,14732,142387,26,27,2,1,96.3),(446,12788,142387,22,20,1,1,110),(447,20217,142387,27,16,1,2,168.75),(448,10699,142387,11,11,1,0,100),(449,15475,142387,10,6,2,0,166.67),(450,22901,142387,0,2,0,0,0),(451,9748,142387,5,6,0,0,83.33),(452,22531,142387,0,0,0,0,0),(453,11450,142387,0,0,0,0,0),(454,1114,142409,5,5,1,0,100),(455,6710,142409,10,5,2,0,200),(456,11131,142409,84,56,9,3,150),(457,18143,142409,17,11,2,1,154.55),(458,6471,142409,5,10,0,0,50),(459,13309,142409,4,5,0,0,80),(460,11129,142409,1,3,0,0,33.33),(461,10449,142409,3,4,0,0,75),(462,12769,142409,13,11,1,0,118.18),(463,10451,142409,0,1,0,0,0),(464,11124,142409,2,2,0,0,100),(465,22891,142409,16,23,1,0,69.57),(466,22896,142409,11,11,2,0,100),(467,14732,142409,26,27,2,1,96.3),(468,12788,142409,22,20,1,1,110),(469,20217,142409,27,16,1,2,168.75),(470,10699,142409,11,11,1,0,100),(471,15475,142409,10,6,2,0,166.67),(472,22901,142409,0,2,0,0,0),(473,9748,142409,5,6,0,0,83.33),(474,22531,142409,0,0,0,0,0),(475,11450,142409,0,0,0,0,0),(476,1114,142989,5,5,1,0,100),(477,6710,142989,10,5,2,0,200),(478,11131,142989,84,56,9,3,150),(479,18143,142989,17,11,2,1,154.55),(480,6471,142989,5,10,0,0,50),(481,13309,142989,4,5,0,0,80),(482,11129,142989,1,3,0,0,33.33),(483,10449,142989,3,4,0,0,75),(484,12769,142989,13,11,1,0,118.18),(485,10451,142989,0,1,0,0,0),(486,11124,142989,2,2,0,0,100),(487,22891,142989,16,23,1,0,69.57),(488,22896,142989,11,11,2,0,100),(489,14732,142989,26,27,2,1,96.3),(490,12788,142989,22,20,1,1,110),(491,20217,142989,27,16,1,2,168.75),(492,10699,142989,11,11,1,0,100),(493,15475,142989,10,6,2,0,166.67),(494,22901,142989,0,2,0,0,0),(495,9748,142989,5,6,0,0,83.33),(496,22531,142989,0,0,0,0,0),(497,11450,142989,0,0,0,0,0),(498,1114,143000,5,5,1,0,100),(499,6710,143000,10,5,2,0,200),(500,11131,143000,84,56,9,3,150),(501,18143,143000,17,11,2,1,154.55),(502,6471,143000,5,10,0,0,50),(503,13309,143000,4,5,0,0,80),(504,11129,143000,1,3,0,0,33.33),(505,10449,143000,3,4,0,0,75),(506,12769,143000,13,11,1,0,118.18),(507,10451,143000,0,1,0,0,0),(508,11124,143000,2,2,0,0,100),(509,22891,143000,16,23,1,0,69.57),(510,22896,143000,11,11,2,0,100),(511,14732,143000,26,27,2,1,96.3),(512,12788,143000,22,20,1,1,110),(513,20217,143000,27,16,1,2,168.75),(514,10699,143000,11,11,1,0,100),(515,15475,143000,10,6,2,0,166.67),(516,22901,143000,0,2,0,0,0),(517,9748,143000,5,6,0,0,83.33),(518,22531,143000,0,0,0,0,0),(519,11450,143000,0,0,0,0,0),(520,1114,143003,5,5,1,0,100),(521,6710,143003,10,5,2,0,200),(522,11131,143003,84,56,9,3,150),(523,18143,143003,17,11,2,1,154.55),(524,6471,143003,5,10,0,0,50),(525,13309,143003,4,5,0,0,80),(526,11129,143003,1,3,0,0,33.33),(527,10449,143003,3,4,0,0,75),(528,12769,143003,13,11,1,0,118.18),(529,10451,143003,0,1,0,0,0),(530,11124,143003,2,2,0,0,100),(531,22891,143003,16,23,1,0,69.57),(532,22896,143003,11,11,2,0,100),(533,14732,143003,26,27,2,1,96.3),(534,12788,143003,22,20,1,1,110),(535,20217,143003,27,16,1,2,168.75),(536,10699,143003,11,11,1,0,100),(537,15475,143003,10,6,2,0,166.67),(538,22901,143003,0,2,0,0,0),(539,9748,143003,5,6,0,0,83.33),(540,22531,143003,0,0,0,0,0),(541,11450,143003,0,0,0,0,0),(542,1114,143014,5,5,1,0,100),(543,6710,143014,10,5,2,0,200),(544,11131,143014,84,56,9,3,150),(545,18143,143014,17,11,2,1,154.55),(546,6471,143014,5,10,0,0,50),(547,13309,143014,4,5,0,0,80),(548,11129,143014,1,3,0,0,33.33),(549,10449,143014,3,4,0,0,75),(550,12769,143014,13,11,1,0,118.18),(551,10451,143014,0,1,0,0,0),(552,11124,143014,2,2,0,0,100),(553,22891,143014,16,23,1,0,69.57),(554,22896,143014,11,11,2,0,100),(555,14732,143014,26,27,2,1,96.3),(556,12788,143014,22,20,1,1,110),(557,20217,143014,27,16,1,2,168.75),(558,10699,143014,11,11,1,0,100),(559,15475,143014,10,6,2,0,166.67),(560,22901,143014,0,2,0,0,0),(561,9748,143014,5,6,0,0,83.33),(562,22531,143014,0,0,0,0,0),(563,11450,143014,0,0,0,0,0),(564,1114,143033,5,5,1,0,100),(565,6710,143033,10,5,2,0,200),(566,11131,143033,84,56,9,3,150),(567,18143,143033,17,11,2,1,154.55),(568,6471,143033,5,10,0,0,50),(569,13309,143033,4,5,0,0,80),(570,11129,143033,1,3,0,0,33.33),(571,10449,143033,3,4,0,0,75),(572,12769,143033,13,11,1,0,118.18),(573,10451,143033,0,1,0,0,0),(574,11124,143033,2,2,0,0,100),(575,22891,143033,16,23,1,0,69.57),(576,22896,143033,11,11,2,0,100),(577,14732,143033,26,27,2,1,96.3),(578,12788,143033,22,20,1,1,110),(579,20217,143033,27,16,1,2,168.75),(580,10699,143033,11,11,1,0,100),(581,15475,143033,10,6,2,0,166.67),(582,22901,143033,0,2,0,0,0),(583,9748,143033,5,6,0,0,83.33),(584,22531,143033,0,0,0,0,0),(585,11450,143033,0,0,0,0,0),(586,1114,148404,5,5,1,0,100),(587,6710,148404,10,5,2,0,200),(588,11131,148404,84,56,9,3,150),(589,18143,148404,17,11,2,1,154.55),(590,6471,148404,5,10,0,0,50),(591,13309,148404,4,5,0,0,80),(592,11129,148404,1,3,0,0,33.33),(593,10449,148404,3,4,0,0,75),(594,12769,148404,13,11,1,0,118.18),(595,10451,148404,0,1,0,0,0),(596,11124,148404,2,2,0,0,100),(597,22891,148404,16,23,1,0,69.57),(598,22896,148404,11,11,2,0,100),(599,14732,148404,26,27,2,1,96.3),(600,12788,148404,22,20,1,1,110),(601,20217,148404,27,16,1,2,168.75),(602,10699,148404,11,11,1,0,100),(603,15475,148404,10,6,2,0,166.67),(604,22901,148404,0,2,0,0,0),(605,9748,148404,5,6,0,0,83.33),(606,22531,148404,0,0,0,0,0),(607,11450,148404,0,0,0,0,0),(608,1114,148415,5,5,1,0,100),(609,6710,148415,10,5,2,0,200),(610,11131,148415,84,56,9,3,150),(611,18143,148415,17,11,2,1,154.55),(612,6471,148415,5,10,0,0,50),(613,13309,148415,4,5,0,0,80),(614,11129,148415,1,3,0,0,33.33),(615,10449,148415,3,4,0,0,75),(616,12769,148415,13,11,1,0,118.18),(617,10451,148415,0,1,0,0,0),(618,11124,148415,2,2,0,0,100),(619,22891,148415,16,23,1,0,69.57),(620,22896,148415,11,11,2,0,100),(621,14732,148415,26,27,2,1,96.3),(622,12788,148415,22,20,1,1,110),(623,20217,148415,27,16,1,2,168.75),(624,10699,148415,11,11,1,0,100),(625,15475,148415,10,6,2,0,166.67),(626,22901,148415,0,2,0,0,0),(627,9748,148415,5,6,0,0,83.33),(628,22531,148415,0,0,0,0,0),(629,11450,148415,0,0,0,0,0),(630,1114,150623,5,5,1,0,100),(631,6710,150623,10,5,2,0,200),(632,11131,150623,84,56,9,3,150),(633,18143,150623,17,11,2,1,154.55),(634,6471,150623,5,10,0,0,50),(635,13309,150623,4,5,0,0,80),(636,11129,150623,1,3,0,0,33.33),(637,10449,150623,3,4,0,0,75),(638,12769,150623,13,11,1,0,118.18),(639,10451,150623,0,1,0,0,0),(640,11124,150623,2,2,0,0,100),(641,22891,150623,16,23,1,0,69.57),(642,22896,150623,11,11,2,0,100),(643,14732,150623,26,27,2,1,96.3),(644,12788,150623,22,20,1,1,110),(645,20217,150623,27,16,1,2,168.75),(646,10699,150623,11,11,1,0,100),(647,15475,150623,10,6,2,0,166.67),(648,22901,150623,0,2,0,0,0),(649,9748,150623,5,6,0,0,83.33),(650,22531,150623,0,0,0,0,0),(651,11450,150623,0,0,0,0,0),(652,1114,150630,5,5,1,0,100),(653,6710,150630,10,5,2,0,200),(654,11131,150630,84,56,9,3,150),(655,18143,150630,17,11,2,1,154.55),(656,6471,150630,5,10,0,0,50),(657,13309,150630,4,5,0,0,80),(658,11129,150630,1,3,0,0,33.33),(659,10449,150630,3,4,0,0,75),(660,12769,150630,13,11,1,0,118.18),(661,10451,150630,0,1,0,0,0),(662,11124,150630,2,2,0,0,100),(663,22891,150630,16,23,1,0,69.57),(664,22896,150630,11,11,2,0,100),(665,14732,150630,26,27,2,1,96.3),(666,12788,150630,22,20,1,1,110),(667,20217,150630,27,16,1,2,168.75),(668,10699,150630,11,11,1,0,100),(669,15475,150630,10,6,2,0,166.67),(670,22901,150630,0,2,0,0,0),(671,9748,150630,5,6,0,0,83.33),(672,22531,150630,0,0,0,0,0),(673,11450,150630,0,0,0,0,0),(674,1114,40381,5,5,1,0,100),(675,6710,40381,10,5,2,0,200),(676,11131,40381,84,56,9,3,150),(677,18143,40381,17,11,2,1,154.55),(678,6471,40381,5,10,0,0,50),(679,13309,40381,4,5,0,0,80),(680,11129,40381,1,3,0,0,33.33),(681,10449,40381,3,4,0,0,75),(682,12769,40381,13,11,1,0,118.18),(683,10451,40381,0,1,0,0,0),(684,11124,40381,2,2,0,0,100),(685,22891,40381,16,23,1,0,69.57),(686,22896,40381,11,11,2,0,100),(687,14732,40381,26,27,2,1,96.3),(688,12788,40381,22,20,1,1,110),(689,20217,40381,27,16,1,2,168.75),(690,10699,40381,11,11,1,0,100),(691,15475,40381,10,6,2,0,166.67),(692,22901,40381,0,2,0,0,0),(693,9748,40381,5,6,0,0,83.33),(694,22531,40381,0,0,0,0,0),(695,11450,40381,0,0,0,0,0),(696,1114,121824,5,5,1,0,100),(697,6710,121824,10,5,2,0,200),(698,11131,121824,84,56,9,3,150),(699,18143,121824,17,11,2,1,154.55),(700,6471,121824,5,10,0,0,50),(701,13309,121824,4,5,0,0,80),(702,11129,121824,1,3,0,0,33.33),(703,10449,121824,3,4,0,0,75),(704,12769,121824,13,11,1,0,118.18),(705,10451,121824,0,1,0,0,0),(706,11124,121824,2,2,0,0,100),(707,22891,121824,16,23,1,0,69.57),(708,22896,121824,11,11,2,0,100),(709,14732,121824,26,27,2,1,96.3),(710,12788,121824,22,20,1,1,110),(711,20217,121824,27,16,1,2,168.75),(712,10699,121824,11,11,1,0,100),(713,15475,121824,10,6,2,0,166.67),(714,22901,121824,0,2,0,0,0),(715,9748,121824,5,6,0,0,83.33),(716,22531,121824,0,0,0,0,0),(717,11450,121824,0,0,0,0,0),(718,1114,121835,5,5,1,0,100),(719,6710,121835,10,5,2,0,200),(720,11131,121835,84,56,9,3,150),(721,18143,121835,17,11,2,1,154.55),(722,6471,121835,5,10,0,0,50),(723,13309,121835,4,5,0,0,80),(724,11129,121835,1,3,0,0,33.33),(725,10449,121835,3,4,0,0,75),(726,12769,121835,13,11,1,0,118.18),(727,10451,121835,0,1,0,0,0),(728,11124,121835,2,2,0,0,100),(729,22891,121835,16,23,1,0,69.57),(730,22896,121835,11,11,2,0,100),(731,14732,121835,26,27,2,1,96.3),(732,12788,121835,22,20,1,1,110),(733,20217,121835,27,16,1,2,168.75),(734,10699,121835,11,11,1,0,100),(735,15475,121835,10,6,2,0,166.67),(736,22901,121835,0,2,0,0,0),(737,9748,121835,5,6,0,0,83.33),(738,22531,121835,0,0,0,0,0),(739,11450,121835,0,0,0,0,0),(740,1114,121840,5,5,1,0,100),(741,6710,121840,10,5,2,0,200),(742,11131,121840,84,56,9,3,150),(743,18143,121840,17,11,2,1,154.55),(744,6471,121840,5,10,0,0,50),(745,13309,121840,4,5,0,0,80),(746,11129,121840,1,3,0,0,33.33),(747,10449,121840,3,4,0,0,75),(748,12769,121840,13,11,1,0,118.18),(749,10451,121840,0,1,0,0,0),(750,11124,121840,2,2,0,0,100),(751,22891,121840,16,23,1,0,69.57),(752,22896,121840,11,11,2,0,100),(753,14732,121840,26,27,2,1,96.3),(754,12788,121840,22,20,1,1,110),(755,20217,121840,27,16,1,2,168.75),(756,10699,121840,11,11,1,0,100),(757,15475,121840,10,6,2,0,166.67),(758,22901,121840,0,2,0,0,0),(759,9748,121840,5,6,0,0,83.33),(760,22531,121840,0,0,0,0,0),(761,11450,121840,0,0,0,0,0),(762,1114,121846,5,5,1,0,100),(763,6710,121846,10,5,2,0,200),(764,11131,121846,84,56,9,3,150),(765,18143,121846,17,11,2,1,154.55),(766,6471,121846,5,10,0,0,50),(767,13309,121846,4,5,0,0,80),(768,11129,121846,1,3,0,0,33.33),(769,10449,121846,3,4,0,0,75),(770,12769,121846,13,11,1,0,118.18),(771,10451,121846,0,1,0,0,0),(772,11124,121846,2,2,0,0,100),(773,22891,121846,16,23,1,0,69.57),(774,22896,121846,11,11,2,0,100),(775,14732,121846,26,27,2,1,96.3),(776,12788,121846,22,20,1,1,110),(777,20217,121846,27,16,1,2,168.75),(778,10699,121846,11,11,1,0,100),(779,15475,121846,10,6,2,0,166.67),(780,22901,121846,0,2,0,0,0),(781,9748,121846,5,6,0,0,83.33),(782,22531,121846,0,0,0,0,0),(783,11450,121846,0,0,0,0,0),(784,1114,121857,5,5,1,0,100),(785,6710,121857,10,5,2,0,200),(786,11131,121857,84,56,9,3,150),(787,18143,121857,17,11,2,1,154.55),(788,6471,121857,5,10,0,0,50),(789,13309,121857,4,5,0,0,80),(790,11129,121857,1,3,0,0,33.33),(791,10449,121857,3,4,0,0,75),(792,12769,121857,13,11,1,0,118.18),(793,10451,121857,0,1,0,0,0),(794,11124,121857,2,2,0,0,100),(795,22891,121857,16,23,1,0,69.57),(796,22896,121857,11,11,2,0,100),(797,14732,121857,26,27,2,1,96.3),(798,12788,121857,22,20,1,1,110),(799,20217,121857,27,16,1,2,168.75),(800,10699,121857,11,11,1,0,100),(801,15475,121857,10,6,2,0,166.67),(802,22901,121857,0,2,0,0,0),(803,9748,121857,5,6,0,0,83.33),(804,22531,121857,0,0,0,0,0),(805,11450,121857,0,0,0,0,0),(806,1114,121868,5,5,1,0,100),(807,6710,121868,10,5,2,0,200),(808,11131,121868,84,56,9,3,150),(809,18143,121868,17,11,2,1,154.55),(810,6471,121868,5,10,0,0,50),(811,13309,121868,4,5,0,0,80),(812,11129,121868,1,3,0,0,33.33),(813,10449,121868,3,4,0,0,75),(814,12769,121868,13,11,1,0,118.18),(815,10451,121868,0,1,0,0,0),(816,11124,121868,2,2,0,0,100),(817,22891,121868,16,23,1,0,69.57),(818,22896,121868,11,11,2,0,100),(819,14732,121868,26,27,2,1,96.3),(820,12788,121868,22,20,1,1,110),(821,20217,121868,27,16,1,2,168.75),(822,10699,121868,11,11,1,0,100),(823,15475,121868,10,6,2,0,166.67),(824,22901,121868,0,2,0,0,0),(825,9748,121868,5,6,0,0,83.33),(826,22531,121868,0,0,0,0,0),(827,11450,121868,0,0,0,0,0),(828,1114,121873,5,5,1,0,100),(829,6710,121873,10,5,2,0,200),(830,11131,121873,84,56,9,3,150),(831,18143,121873,17,11,2,1,154.55),(832,6471,121873,5,10,0,0,50),(833,13309,121873,4,5,0,0,80),(834,11129,121873,1,3,0,0,33.33),(835,10449,121873,3,4,0,0,75),(836,12769,121873,13,11,1,0,118.18),(837,10451,121873,0,1,0,0,0),(838,11124,121873,2,2,0,0,100),(839,22891,121873,16,23,1,0,69.57),(840,22896,121873,11,11,2,0,100),(841,14732,121873,26,27,2,1,96.3),(842,12788,121873,22,20,1,1,110),(843,20217,121873,27,16,1,2,168.75),(844,10699,121873,11,11,1,0,100),(845,15475,121873,10,6,2,0,166.67),(846,22901,121873,0,2,0,0,0),(847,9748,121873,5,6,0,0,83.33),(848,22531,121873,0,0,0,0,0),(849,11450,121873,0,0,0,0,0),(850,1114,121879,5,5,1,0,100),(851,6710,121879,10,5,2,0,200),(852,11131,121879,84,56,9,3,150),(853,18143,121879,17,11,2,1,154.55),(854,6471,121879,5,10,0,0,50),(855,13309,121879,4,5,0,0,80),(856,11129,121879,1,3,0,0,33.33),(857,10449,121879,3,4,0,0,75),(858,12769,121879,13,11,1,0,118.18),(859,10451,121879,0,1,0,0,0),(860,11124,121879,2,2,0,0,100),(861,22891,121879,16,23,1,0,69.57),(862,22896,121879,11,11,2,0,100),(863,14732,121879,26,27,2,1,96.3),(864,12788,121879,22,20,1,1,110),(865,20217,121879,27,16,1,2,168.75),(866,10699,121879,11,11,1,0,100),(867,15475,121879,10,6,2,0,166.67),(868,22901,121879,0,2,0,0,0),(869,9748,121879,5,6,0,0,83.33),(870,22531,121879,0,0,0,0,0),(871,11450,121879,0,0,0,0,0),(872,1114,121890,5,5,1,0,100),(873,6710,121890,10,5,2,0,200),(874,11131,121890,84,56,9,3,150),(875,18143,121890,17,11,2,1,154.55),(876,6471,121890,5,10,0,0,50),(877,13309,121890,4,5,0,0,80),(878,11129,121890,1,3,0,0,33.33),(879,10449,121890,3,4,0,0,75),(880,12769,121890,13,11,1,0,118.18),(881,10451,121890,0,1,0,0,0),(882,11124,121890,2,2,0,0,100),(883,22891,121890,16,23,1,0,69.57),(884,22896,121890,11,11,2,0,100),(885,14732,121890,26,27,2,1,96.3),(886,12788,121890,22,20,1,1,110),(887,20217,121890,27,16,1,2,168.75),(888,10699,121890,11,11,1,0,100),(889,15475,121890,10,6,2,0,166.67),(890,22901,121890,0,2,0,0,0),(891,9748,121890,5,6,0,0,83.33),(892,22531,121890,0,0,0,0,0),(893,11450,121890,0,0,0,0,0),(894,1114,121901,5,5,1,0,100),(895,6710,121901,10,5,2,0,200),(896,11131,121901,84,56,9,3,150),(897,18143,121901,17,11,2,1,154.55),(898,6471,121901,5,10,0,0,50),(899,13309,121901,4,5,0,0,80),(900,11129,121901,1,3,0,0,33.33),(901,10449,121901,3,4,0,0,75),(902,12769,121901,13,11,1,0,118.18),(903,10451,121901,0,1,0,0,0),(904,11124,121901,2,2,0,0,100),(905,22891,121901,16,23,1,0,69.57),(906,22896,121901,11,11,2,0,100),(907,14732,121901,26,27,2,1,96.3),(908,12788,121901,22,20,1,1,110),(909,20217,121901,27,16,1,2,168.75),(910,10699,121901,11,11,1,0,100),(911,15475,121901,10,6,2,0,166.67),(912,22901,121901,0,2,0,0,0),(913,9748,121901,5,6,0,0,83.33),(914,22531,121901,0,0,0,0,0),(915,11450,121901,0,0,0,0,0),(916,1114,121912,5,5,1,0,100),(917,6710,121912,10,5,2,0,200),(918,11131,121912,84,56,9,3,150),(919,18143,121912,17,11,2,1,154.55),(920,6471,121912,5,10,0,0,50),(921,13309,121912,4,5,0,0,80),(922,11129,121912,1,3,0,0,33.33),(923,10449,121912,3,4,0,0,75),(924,12769,121912,13,11,1,0,118.18),(925,10451,121912,0,1,0,0,0),(926,11124,121912,2,2,0,0,100),(927,22891,121912,16,23,1,0,69.57),(928,22896,121912,11,11,2,0,100),(929,14732,121912,26,27,2,1,96.3),(930,12788,121912,22,20,1,1,110),(931,20217,121912,27,16,1,2,168.75),(932,10699,121912,11,11,1,0,100),(933,15475,121912,10,6,2,0,166.67),(934,22901,121912,0,2,0,0,0),(935,9748,121912,5,6,0,0,83.33),(936,22531,121912,0,0,0,0,0),(937,11450,121912,0,0,0,0,0),(938,1114,121923,5,5,1,0,100),(939,6710,121923,10,5,2,0,200),(940,11131,121923,84,56,9,3,150),(941,18143,121923,17,11,2,1,154.55),(942,6471,121923,5,10,0,0,50),(943,13309,121923,4,5,0,0,80),(944,11129,121923,1,3,0,0,33.33),(945,10449,121923,3,4,0,0,75),(946,12769,121923,13,11,1,0,118.18),(947,10451,121923,0,1,0,0,0),(948,11124,121923,2,2,0,0,100),(949,22891,121923,16,23,1,0,69.57),(950,22896,121923,11,11,2,0,100),(951,14732,121923,26,27,2,1,96.3),(952,12788,121923,22,20,1,1,110),(953,20217,121923,27,16,1,2,168.75),(954,10699,121923,11,11,1,0,100),(955,15475,121923,10,6,2,0,166.67),(956,22901,121923,0,2,0,0,0),(957,9748,121923,5,6,0,0,83.33),(958,22531,121923,0,0,0,0,0),(959,11450,121923,0,0,0,0,0),(960,1114,129563,5,5,1,0,100),(961,6710,129563,10,5,2,0,200),(962,11131,129563,84,56,9,3,150),(963,18143,129563,17,11,2,1,154.55),(964,6471,129563,5,10,0,0,50),(965,13309,129563,4,5,0,0,80),(966,11129,129563,1,3,0,0,33.33),(967,10449,129563,3,4,0,0,75),(968,12769,129563,13,11,1,0,118.18),(969,10451,129563,0,1,0,0,0),(970,11124,129563,2,2,0,0,100),(971,22891,129563,16,23,1,0,69.57),(972,22896,129563,11,11,2,0,100),(973,14732,129563,26,27,2,1,96.3),(974,12788,129563,22,20,1,1,110),(975,20217,129563,27,16,1,2,168.75),(976,10699,129563,11,11,1,0,100),(977,15475,129563,10,6,2,0,166.67),(978,22901,129563,0,2,0,0,0),(979,9748,129563,5,6,0,0,83.33),(980,22531,129563,0,0,0,0,0),(981,11450,129563,0,0,0,0,0),(982,1114,142349,5,5,1,0,100),(983,6710,142349,10,5,2,0,200),(984,11131,142349,84,56,9,3,150),(985,18143,142349,17,11,2,1,154.55),(986,6471,142349,5,10,0,0,50),(987,13309,142349,4,5,0,0,80),(988,11129,142349,1,3,0,0,33.33),(989,10449,142349,3,4,0,0,75),(990,12769,142349,13,11,1,0,118.18),(991,10451,142349,0,1,0,0,0),(992,11124,142349,2,2,0,0,100),(993,22891,142349,16,23,1,0,69.57),(994,22896,142349,11,11,2,0,100),(995,14732,142349,26,27,2,1,96.3),(996,12788,142349,22,20,1,1,110),(997,20217,142349,27,16,1,2,168.75),(998,10699,142349,11,11,1,0,100),(999,15475,142349,10,6,2,0,166.67),(1000,22901,142349,0,2,0,0,0),(1001,9748,142349,5,6,0,0,83.33),(1002,22531,142349,0,0,0,0,0),(1003,11450,142349,0,0,0,0,0),(1004,1114,142360,5,5,1,0,100),(1005,6710,142360,10,5,2,0,200),(1006,11131,142360,84,56,9,3,150),(1007,18143,142360,17,11,2,1,154.55),(1008,6471,142360,5,10,0,0,50),(1009,13309,142360,4,5,0,0,80),(1010,11129,142360,1,3,0,0,33.33),(1011,10449,142360,3,4,0,0,75),(1012,12769,142360,13,11,1,0,118.18),(1013,10451,142360,0,1,0,0,0),(1014,11124,142360,2,2,0,0,100),(1015,22891,142360,16,23,1,0,69.57),(1016,22896,142360,11,11,2,0,100),(1017,14732,142360,26,27,2,1,96.3),(1018,12788,142360,22,20,1,1,110),(1019,20217,142360,27,16,1,2,168.75),(1020,10699,142360,11,11,1,0,100),(1021,15475,142360,10,6,2,0,166.67),(1022,22901,142360,0,2,0,0,0),(1023,9748,142360,5,6,0,0,83.33),(1024,22531,142360,0,0,0,0,0),(1025,11450,142360,0,0,0,0,0),(1026,1114,142362,5,5,1,0,100),(1027,6710,142362,10,5,2,0,200),(1028,11131,142362,84,56,9,3,150),(1029,18143,142362,17,11,2,1,154.55),(1030,6471,142362,5,10,0,0,50),(1031,13309,142362,4,5,0,0,80),(1032,11129,142362,1,3,0,0,33.33),(1033,10449,142362,3,4,0,0,75),(1034,12769,142362,13,11,1,0,118.18),(1035,10451,142362,0,1,0,0,0),(1036,11124,142362,2,2,0,0,100),(1037,22891,142362,16,23,1,0,69.57),(1038,22896,142362,11,11,2,0,100),(1039,14732,142362,26,27,2,1,96.3),(1040,12788,142362,22,20,1,1,110),(1041,20217,142362,27,16,1,2,168.75),(1042,10699,142362,11,11,1,0,100),(1043,15475,142362,10,6,2,0,166.67),(1044,22901,142362,0,2,0,0,0),(1045,9748,142362,5,6,0,0,83.33),(1046,22531,142362,0,0,0,0,0),(1047,11450,142362,0,0,0,0,0),(1048,1114,142365,5,5,1,0,100),(1049,6710,142365,10,5,2,0,200),(1050,11131,142365,84,56,9,3,150),(1051,18143,142365,17,11,2,1,154.55),(1052,6471,142365,5,10,0,0,50),(1053,13309,142365,4,5,0,0,80),(1054,11129,142365,1,3,0,0,33.33),(1055,10449,142365,3,4,0,0,75),(1056,12769,142365,13,11,1,0,118.18),(1057,10451,142365,0,1,0,0,0),(1058,11124,142365,2,2,0,0,100),(1059,22891,142365,16,23,1,0,69.57),(1060,22896,142365,11,11,2,0,100),(1061,14732,142365,26,27,2,1,96.3),(1062,12788,142365,22,20,1,1,110),(1063,20217,142365,27,16,1,2,168.75),(1064,10699,142365,11,11,1,0,100),(1065,15475,142365,10,6,2,0,166.67),(1066,22901,142365,0,2,0,0,0),(1067,9748,142365,5,6,0,0,83.33),(1068,22531,142365,0,0,0,0,0),(1069,11450,142365,0,0,0,0,0),(1070,1114,142376,5,5,1,0,100),(1071,6710,142376,10,5,2,0,200),(1072,11131,142376,84,56,9,3,150),(1073,18143,142376,17,11,2,1,154.55),(1074,6471,142376,5,10,0,0,50),(1075,13309,142376,4,5,0,0,80),(1076,11129,142376,1,3,0,0,33.33),(1077,10449,142376,3,4,0,0,75),(1078,12769,142376,13,11,1,0,118.18),(1079,10451,142376,0,1,0,0,0),(1080,11124,142376,2,2,0,0,100),(1081,22891,142376,16,23,1,0,69.57),(1082,22896,142376,11,11,2,0,100),(1083,14732,142376,26,27,2,1,96.3),(1084,12788,142376,22,20,1,1,110),(1085,20217,142376,27,16,1,2,168.75),(1086,10699,142376,11,11,1,0,100),(1087,15475,142376,10,6,2,0,166.67),(1088,22901,142376,0,2,0,0,0),(1089,9748,142376,5,6,0,0,83.33),(1090,22531,142376,0,0,0,0,0),(1091,11450,142376,0,0,0,0,0),(1092,1114,142387,5,5,1,0,100),(1093,6710,142387,10,5,2,0,200),(1094,11131,142387,84,56,9,3,150),(1095,18143,142387,17,11,2,1,154.55),(1096,6471,142387,5,10,0,0,50),(1097,13309,142387,4,5,0,0,80),(1098,11129,142387,1,3,0,0,33.33),(1099,10449,142387,3,4,0,0,75),(1100,12769,142387,13,11,1,0,118.18),(1101,10451,142387,0,1,0,0,0),(1102,11124,142387,2,2,0,0,100),(1103,22891,142387,16,23,1,0,69.57),(1104,22896,142387,11,11,2,0,100),(1105,14732,142387,26,27,2,1,96.3),(1106,12788,142387,22,20,1,1,110),(1107,20217,142387,27,16,1,2,168.75),(1108,10699,142387,11,11,1,0,100),(1109,15475,142387,10,6,2,0,166.67),(1110,22901,142387,0,2,0,0,0),(1111,9748,142387,5,6,0,0,83.33),(1112,22531,142387,0,0,0,0,0),(1113,11450,142387,0,0,0,0,0),(1114,1114,142409,5,5,1,0,100),(1115,6710,142409,10,5,2,0,200),(1116,11131,142409,84,56,9,3,150),(1117,18143,142409,17,11,2,1,154.55),(1118,6471,142409,5,10,0,0,50),(1119,13309,142409,4,5,0,0,80),(1120,11129,142409,1,3,0,0,33.33),(1121,10449,142409,3,4,0,0,75),(1122,12769,142409,13,11,1,0,118.18),(1123,10451,142409,0,1,0,0,0),(1124,11124,142409,2,2,0,0,100),(1125,22891,142409,16,23,1,0,69.57),(1126,22896,142409,11,11,2,0,100),(1127,14732,142409,26,27,2,1,96.3),(1128,12788,142409,22,20,1,1,110),(1129,20217,142409,27,16,1,2,168.75),(1130,10699,142409,11,11,1,0,100),(1131,15475,142409,10,6,2,0,166.67),(1132,22901,142409,0,2,0,0,0),(1133,9748,142409,5,6,0,0,83.33),(1134,22531,142409,0,0,0,0,0),(1135,11450,142409,0,0,0,0,0),(1136,1114,142989,5,5,1,0,100),(1137,6710,142989,10,5,2,0,200),(1138,11131,142989,84,56,9,3,150),(1139,18143,142989,17,11,2,1,154.55),(1140,6471,142989,5,10,0,0,50),(1141,13309,142989,4,5,0,0,80),(1142,11129,142989,1,3,0,0,33.33),(1143,10449,142989,3,4,0,0,75),(1144,12769,142989,13,11,1,0,118.18),(1145,10451,142989,0,1,0,0,0),(1146,11124,142989,2,2,0,0,100),(1147,22891,142989,16,23,1,0,69.57),(1148,22896,142989,11,11,2,0,100),(1149,14732,142989,26,27,2,1,96.3),(1150,12788,142989,22,20,1,1,110),(1151,20217,142989,27,16,1,2,168.75),(1152,10699,142989,11,11,1,0,100),(1153,15475,142989,10,6,2,0,166.67),(1154,22901,142989,0,2,0,0,0),(1155,9748,142989,5,6,0,0,83.33),(1156,22531,142989,0,0,0,0,0),(1157,11450,142989,0,0,0,0,0),(1158,1114,143000,5,5,1,0,100),(1159,6710,143000,10,5,2,0,200),(1160,11131,143000,84,56,9,3,150),(1161,18143,143000,17,11,2,1,154.55),(1162,6471,143000,5,10,0,0,50),(1163,13309,143000,4,5,0,0,80),(1164,11129,143000,1,3,0,0,33.33),(1165,10449,143000,3,4,0,0,75),(1166,12769,143000,13,11,1,0,118.18),(1167,10451,143000,0,1,0,0,0),(1168,11124,143000,2,2,0,0,100),(1169,22891,143000,16,23,1,0,69.57),(1170,22896,143000,11,11,2,0,100),(1171,14732,143000,26,27,2,1,96.3),(1172,12788,143000,22,20,1,1,110),(1173,20217,143000,27,16,1,2,168.75),(1174,10699,143000,11,11,1,0,100),(1175,15475,143000,10,6,2,0,166.67),(1176,22901,143000,0,2,0,0,0),(1177,9748,143000,5,6,0,0,83.33),(1178,22531,143000,0,0,0,0,0),(1179,11450,143000,0,0,0,0,0),(1180,1114,143003,5,5,1,0,100),(1181,6710,143003,10,5,2,0,200),(1182,11131,143003,84,56,9,3,150),(1183,18143,143003,17,11,2,1,154.55),(1184,6471,143003,5,10,0,0,50),(1185,13309,143003,4,5,0,0,80),(1186,11129,143003,1,3,0,0,33.33),(1187,10449,143003,3,4,0,0,75),(1188,12769,143003,13,11,1,0,118.18),(1189,10451,143003,0,1,0,0,0),(1190,11124,143003,2,2,0,0,100),(1191,22891,143003,16,23,1,0,69.57),(1192,22896,143003,11,11,2,0,100),(1193,14732,143003,26,27,2,1,96.3),(1194,12788,143003,22,20,1,1,110),(1195,20217,143003,27,16,1,2,168.75),(1196,10699,143003,11,11,1,0,100),(1197,15475,143003,10,6,2,0,166.67),(1198,22901,143003,0,2,0,0,0),(1199,9748,143003,5,6,0,0,83.33),(1200,22531,143003,0,0,0,0,0),(1201,11450,143003,0,0,0,0,0),(1202,1114,143014,5,5,1,0,100),(1203,6710,143014,10,5,2,0,200),(1204,11131,143014,84,56,9,3,150),(1205,18143,143014,17,11,2,1,154.55),(1206,6471,143014,5,10,0,0,50),(1207,13309,143014,4,5,0,0,80),(1208,11129,143014,1,3,0,0,33.33),(1209,10449,143014,3,4,0,0,75),(1210,12769,143014,13,11,1,0,118.18),(1211,10451,143014,0,1,0,0,0),(1212,11124,143014,2,2,0,0,100),(1213,22891,143014,16,23,1,0,69.57),(1214,22896,143014,11,11,2,0,100),(1215,14732,143014,26,27,2,1,96.3),(1216,12788,143014,22,20,1,1,110),(1217,20217,143014,27,16,1,2,168.75),(1218,10699,143014,11,11,1,0,100),(1219,15475,143014,10,6,2,0,166.67),(1220,22901,143014,0,2,0,0,0),(1221,9748,143014,5,6,0,0,83.33),(1222,22531,143014,0,0,0,0,0),(1223,11450,143014,0,0,0,0,0),(1224,1114,143033,5,5,1,0,100),(1225,6710,143033,10,5,2,0,200),(1226,11131,143033,84,56,9,3,150),(1227,18143,143033,17,11,2,1,154.55),(1228,6471,143033,5,10,0,0,50),(1229,13309,143033,4,5,0,0,80),(1230,11129,143033,1,3,0,0,33.33),(1231,10449,143033,3,4,0,0,75),(1232,12769,143033,13,11,1,0,118.18),(1233,10451,143033,0,1,0,0,0),(1234,11124,143033,2,2,0,0,100),(1235,22891,143033,16,23,1,0,69.57),(1236,22896,143033,11,11,2,0,100),(1237,14732,143033,26,27,2,1,96.3),(1238,12788,143033,22,20,1,1,110),(1239,20217,143033,27,16,1,2,168.75),(1240,10699,143033,11,11,1,0,100),(1241,15475,143033,10,6,2,0,166.67),(1242,22901,143033,0,2,0,0,0),(1243,9748,143033,5,6,0,0,83.33),(1244,22531,143033,0,0,0,0,0),(1245,11450,143033,0,0,0,0,0),(1246,1114,148404,5,5,1,0,100),(1247,6710,148404,10,5,2,0,200),(1248,11131,148404,84,56,9,3,150),(1249,18143,148404,17,11,2,1,154.55),(1250,6471,148404,5,10,0,0,50),(1251,13309,148404,4,5,0,0,80),(1252,11129,148404,1,3,0,0,33.33),(1253,10449,148404,3,4,0,0,75),(1254,12769,148404,13,11,1,0,118.18),(1255,10451,148404,0,1,0,0,0),(1256,11124,148404,2,2,0,0,100),(1257,22891,148404,16,23,1,0,69.57),(1258,22896,148404,11,11,2,0,100),(1259,14732,148404,26,27,2,1,96.3),(1260,12788,148404,22,20,1,1,110),(1261,20217,148404,27,16,1,2,168.75),(1262,10699,148404,11,11,1,0,100),(1263,15475,148404,10,6,2,0,166.67),(1264,22901,148404,0,2,0,0,0),(1265,9748,148404,5,6,0,0,83.33),(1266,22531,148404,0,0,0,0,0),(1267,11450,148404,0,0,0,0,0),(1268,1114,148415,5,5,1,0,100),(1269,6710,148415,10,5,2,0,200),(1270,11131,148415,84,56,9,3,150),(1271,18143,148415,17,11,2,1,154.55),(1272,6471,148415,5,10,0,0,50),(1273,13309,148415,4,5,0,0,80),(1274,11129,148415,1,3,0,0,33.33),(1275,10449,148415,3,4,0,0,75),(1276,12769,148415,13,11,1,0,118.18),(1277,10451,148415,0,1,0,0,0),(1278,11124,148415,2,2,0,0,100),(1279,22891,148415,16,23,1,0,69.57),(1280,22896,148415,11,11,2,0,100),(1281,14732,148415,26,27,2,1,96.3),(1282,12788,148415,22,20,1,1,110),(1283,20217,148415,27,16,1,2,168.75),(1284,10699,148415,11,11,1,0,100),(1285,15475,148415,10,6,2,0,166.67),(1286,22901,148415,0,2,0,0,0),(1287,9748,148415,5,6,0,0,83.33),(1288,22531,148415,0,0,0,0,0),(1289,11450,148415,0,0,0,0,0),(1290,1114,150623,5,5,1,0,100),(1291,6710,150623,10,5,2,0,200),(1292,11131,150623,84,56,9,3,150),(1293,18143,150623,17,11,2,1,154.55),(1294,6471,150623,5,10,0,0,50),(1295,13309,150623,4,5,0,0,80),(1296,11129,150623,1,3,0,0,33.33),(1297,10449,150623,3,4,0,0,75),(1298,12769,150623,13,11,1,0,118.18),(1299,10451,150623,0,1,0,0,0),(1300,11124,150623,2,2,0,0,100),(1301,22891,150623,16,23,1,0,69.57),(1302,22896,150623,11,11,2,0,100),(1303,14732,150623,26,27,2,1,96.3),(1304,12788,150623,22,20,1,1,110),(1305,20217,150623,27,16,1,2,168.75),(1306,10699,150623,11,11,1,0,100),(1307,15475,150623,10,6,2,0,166.67),(1308,22901,150623,0,2,0,0,0),(1309,9748,150623,5,6,0,0,83.33),(1310,22531,150623,0,0,0,0,0),(1311,11450,150623,0,0,0,0,0),(1312,1114,150630,5,5,1,0,100),(1313,6710,150630,10,5,2,0,200),(1314,11131,150630,84,56,9,3,150),(1315,18143,150630,17,11,2,1,154.55),(1316,6471,150630,5,10,0,0,50),(1317,13309,150630,4,5,0,0,80),(1318,11129,150630,1,3,0,0,33.33),(1319,10449,150630,3,4,0,0,75),(1320,12769,150630,13,11,1,0,118.18),(1321,10451,150630,0,1,0,0,0),(1322,11124,150630,2,2,0,0,100),(1323,22891,150630,16,23,1,0,69.57),(1324,22896,150630,11,11,2,0,100),(1325,14732,150630,26,27,2,1,96.3),(1326,12788,150630,22,20,1,1,110),(1327,20217,150630,27,16,1,2,168.75),(1328,10699,150630,11,11,1,0,100),(1329,15475,150630,10,6,2,0,166.67),(1330,22901,150630,0,2,0,0,0),(1331,9748,150630,5,6,0,0,83.33),(1332,22531,150630,0,0,0,0,0),(1333,11450,150630,0,0,0,0,0),(1334,1114,150641,5,5,1,0,100),(1335,6710,150641,10,5,2,0,200),(1336,11131,150641,84,56,9,3,150),(1337,18143,150641,17,11,2,1,154.55),(1338,6471,150641,5,10,0,0,50),(1339,13309,150641,4,5,0,0,80),(1340,11129,150641,1,3,0,0,33.33),(1341,10449,150641,3,4,0,0,75),(1342,12769,150641,13,11,1,0,118.18),(1343,10451,150641,0,1,0,0,0),(1344,11124,150641,2,2,0,0,100),(1345,22891,150641,16,23,1,0,69.57),(1346,22896,150641,11,11,2,0,100),(1347,14732,150641,26,27,2,1,96.3),(1348,12788,150641,22,20,1,1,110),(1349,20217,150641,27,16,1,2,168.75),(1350,10699,150641,11,11,1,0,100),(1351,15475,150641,10,6,2,0,166.67),(1352,22901,150641,0,2,0,0,0),(1353,9748,150641,5,6,0,0,83.33),(1354,22531,150641,0,0,0,0,0),(1355,11450,150641,0,0,0,0,0),(1356,1114,150652,5,5,1,0,100),(1357,6710,150652,10,5,2,0,200),(1358,11131,150652,84,56,9,3,150),(1359,18143,150652,17,11,2,1,154.55),(1360,6471,150652,5,10,0,0,50),(1361,13309,150652,4,5,0,0,80),(1362,11129,150652,1,3,0,0,33.33),(1363,10449,150652,3,4,0,0,75),(1364,12769,150652,13,11,1,0,118.18),(1365,10451,150652,0,1,0,0,0),(1366,11124,150652,2,2,0,0,100),(1367,22891,150652,16,23,1,0,69.57),(1368,22896,150652,11,11,2,0,100),(1369,14732,150652,26,27,2,1,96.3),(1370,12788,150652,22,20,1,1,110),(1371,20217,150652,27,16,1,2,168.75),(1372,10699,150652,11,11,1,0,100),(1373,15475,150652,10,6,2,0,166.67),(1374,22901,150652,0,2,0,0,0),(1375,9748,150652,5,6,0,0,83.33),(1376,22531,150652,0,0,0,0,0),(1377,11450,150652,0,0,0,0,0),(1378,1114,150663,5,5,1,0,100),(1379,6710,150663,10,5,2,0,200),(1380,11131,150663,84,56,9,3,150),(1381,18143,150663,17,11,2,1,154.55),(1382,6471,150663,5,10,0,0,50),(1383,13309,150663,4,5,0,0,80),(1384,11129,150663,1,3,0,0,33.33),(1385,10449,150663,3,4,0,0,75),(1386,12769,150663,13,11,1,0,118.18),(1387,10451,150663,0,1,0,0,0),(1388,11124,150663,2,2,0,0,100),(1389,22891,150663,16,23,1,0,69.57),(1390,22896,150663,11,11,2,0,100),(1391,14732,150663,26,27,2,1,96.3),(1392,12788,150663,22,20,1,1,110),(1393,20217,150663,27,16,1,2,168.75),(1394,10699,150663,11,11,1,0,100),(1395,15475,150663,10,6,2,0,166.67),(1396,22901,150663,0,2,0,0,0),(1397,9748,150663,5,6,0,0,83.33),(1398,22531,150663,0,0,0,0,0),(1399,11450,150663,0,0,0,0,0),(1400,1114,150674,5,5,1,0,100),(1401,6710,150674,10,5,2,0,200),(1402,11131,150674,84,56,9,3,150),(1403,18143,150674,17,11,2,1,154.55),(1404,6471,150674,5,10,0,0,50),(1405,13309,150674,4,5,0,0,80),(1406,11129,150674,1,3,0,0,33.33),(1407,10449,150674,3,4,0,0,75),(1408,12769,150674,13,11,1,0,118.18),(1409,10451,150674,0,1,0,0,0),(1410,11124,150674,2,2,0,0,100),(1411,22891,150674,16,23,1,0,69.57),(1412,22896,150674,11,11,2,0,100),(1413,14732,150674,26,27,2,1,96.3),(1414,12788,150674,22,20,1,1,110),(1415,20217,150674,27,16,1,2,168.75),(1416,10699,150674,11,11,1,0,100),(1417,15475,150674,10,6,2,0,166.67),(1418,22901,150674,0,2,0,0,0),(1419,9748,150674,5,6,0,0,83.33),(1420,22531,150674,0,0,0,0,0),(1421,11450,150674,0,0,0,0,0),(1422,1114,150679,5,5,1,0,100),(1423,6710,150679,10,5,2,0,200),(1424,11131,150679,84,56,9,3,150),(1425,18143,150679,17,11,2,1,154.55),(1426,6471,150679,5,10,0,0,50),(1427,13309,150679,4,5,0,0,80),(1428,11129,150679,1,3,0,0,33.33),(1429,10449,150679,3,4,0,0,75),(1430,12769,150679,13,11,1,0,118.18),(1431,10451,150679,0,1,0,0,0),(1432,11124,150679,2,2,0,0,100),(1433,22891,150679,16,23,1,0,69.57),(1434,22896,150679,11,11,2,0,100),(1435,14732,150679,26,27,2,1,96.3),(1436,12788,150679,22,20,1,1,110),(1437,20217,150679,27,16,1,2,168.75),(1438,10699,150679,11,11,1,0,100),(1439,15475,150679,10,6,2,0,166.67),(1440,22901,150679,0,2,0,0,0),(1441,9748,150679,5,6,0,0,83.33),(1442,22531,150679,0,0,0,0,0),(1443,11450,150679,0,0,0,0,0),(1444,1114,152405,5,5,1,0,100),(1445,6710,152405,10,5,2,0,200),(1446,11131,152405,84,56,9,3,150),(1447,18143,152405,17,11,2,1,154.55),(1448,6471,152405,5,10,0,0,50),(1449,13309,152405,4,5,0,0,80),(1450,11129,152405,1,3,0,0,33.33),(1451,10449,152405,3,4,0,0,75),(1452,12769,152405,13,11,1,0,118.18),(1453,10451,152405,0,1,0,0,0),(1454,11124,152405,2,2,0,0,100),(1455,22891,152405,16,23,1,0,69.57),(1456,22896,152405,11,11,2,0,100),(1457,14732,152405,26,27,2,1,96.3),(1458,12788,152405,22,20,1,1,110),(1459,20217,152405,27,16,1,2,168.75),(1460,10699,152405,11,11,1,0,100),(1461,15475,152405,10,6,2,0,166.67),(1462,22901,152405,0,2,0,0,0),(1463,9748,152405,5,6,0,0,83.33),(1464,22531,152405,0,0,0,0,0),(1465,11450,152405,0,0,0,0,0),(1466,1114,153750,5,5,1,0,100),(1467,6710,153750,10,5,2,0,200),(1468,11131,153750,84,56,9,3,150),(1469,18143,153750,17,11,2,1,154.55),(1470,6471,153750,5,10,0,0,50),(1471,13309,153750,4,5,0,0,80),(1472,11129,153750,1,3,0,0,33.33),(1473,10449,153750,3,4,0,0,75),(1474,12769,153750,13,11,1,0,118.18),(1475,10451,153750,0,1,0,0,0),(1476,11124,153750,2,2,0,0,100),(1477,22891,153750,16,23,1,0,69.57),(1478,22896,153750,11,11,2,0,100),(1479,14732,153750,26,27,2,1,96.3),(1480,12788,153750,22,20,1,1,110),(1481,20217,153750,27,16,1,2,168.75),(1482,10699,153750,11,11,1,0,100),(1483,15475,153750,10,6,2,0,166.67),(1484,22901,153750,0,2,0,0,0),(1485,9748,153750,5,6,0,0,83.33),(1486,22531,153750,0,0,0,0,0),(1487,11450,153750,0,0,0,0,0),(1488,1114,153761,5,5,1,0,100),(1489,6710,153761,10,5,2,0,200),(1490,11131,153761,84,56,9,3,150),(1491,18143,153761,17,11,2,1,154.55),(1492,6471,153761,5,10,0,0,50),(1493,13309,153761,4,5,0,0,80),(1494,11129,153761,1,3,0,0,33.33),(1495,10449,153761,3,4,0,0,75),(1496,12769,153761,13,11,1,0,118.18),(1497,10451,153761,0,1,0,0,0),(1498,11124,153761,2,2,0,0,100),(1499,22891,153761,16,23,1,0,69.57),(1500,22896,153761,11,11,2,0,100),(1501,14732,153761,26,27,2,1,96.3),(1502,12788,153761,22,20,1,1,110),(1503,20217,153761,27,16,1,2,168.75),(1504,10699,153761,11,11,1,0,100),(1505,15475,153761,10,6,2,0,166.67),(1506,22901,153761,0,2,0,0,0),(1507,9748,153761,5,6,0,0,83.33),(1508,22531,153761,0,0,0,0,0),(1509,11450,153761,0,0,0,0,0),(1510,1114,153772,5,5,1,0,100),(1511,6710,153772,10,5,2,0,200),(1512,11131,153772,84,56,9,3,150),(1513,18143,153772,17,11,2,1,154.55),(1514,6471,153772,5,10,0,0,50),(1515,13309,153772,4,5,0,0,80),(1516,11129,153772,1,3,0,0,33.33),(1517,10449,153772,3,4,0,0,75),(1518,12769,153772,13,11,1,0,118.18),(1519,10451,153772,0,1,0,0,0),(1520,11124,153772,2,2,0,0,100),(1521,22891,153772,16,23,1,0,69.57),(1522,22896,153772,11,11,2,0,100),(1523,14732,153772,26,27,2,1,96.3),(1524,12788,153772,22,20,1,1,110),(1525,20217,153772,27,16,1,2,168.75),(1526,10699,153772,11,11,1,0,100),(1527,15475,153772,10,6,2,0,166.67),(1528,22901,153772,0,2,0,0,0),(1529,9748,153772,5,6,0,0,83.33),(1530,22531,153772,0,0,0,0,0),(1531,11450,153772,0,0,0,0,0),(1532,1114,155111,5,5,1,0,100),(1533,6710,155111,10,5,2,0,200),(1534,11131,155111,84,56,9,3,150),(1535,18143,155111,17,11,2,1,154.55),(1536,6471,155111,5,10,0,0,50),(1537,13309,155111,4,5,0,0,80),(1538,11129,155111,1,3,0,0,33.33),(1539,10449,155111,3,4,0,0,75),(1540,12769,155111,13,11,1,0,118.18),(1541,10451,155111,0,1,0,0,0),(1542,11124,155111,2,2,0,0,100),(1543,22891,155111,16,23,1,0,69.57),(1544,22896,155111,11,11,2,0,100),(1545,14732,155111,26,27,2,1,96.3),(1546,12788,155111,22,20,1,1,110),(1547,20217,155111,27,16,1,2,168.75),(1548,10699,155111,11,11,1,0,100),(1549,15475,155111,10,6,2,0,166.67),(1550,22901,155111,0,2,0,0,0),(1551,9748,155111,5,6,0,0,83.33),(1552,22531,155111,0,0,0,0,0),(1553,11450,155111,0,0,0,0,0),(1554,1114,156146,5,5,1,0,100),(1555,6710,156146,10,5,2,0,200),(1556,11131,156146,84,56,9,3,150),(1557,18143,156146,17,11,2,1,154.55),(1558,6471,156146,5,10,0,0,50),(1559,13309,156146,4,5,0,0,80),(1560,11129,156146,1,3,0,0,33.33),(1561,10449,156146,3,4,0,0,75),(1562,12769,156146,13,11,1,0,118.18),(1563,10451,156146,0,1,0,0,0),(1564,11124,156146,2,2,0,0,100),(1565,22891,156146,16,23,1,0,69.57),(1566,22896,156146,11,11,2,0,100),(1567,14732,156146,26,27,2,1,96.3),(1568,12788,156146,22,20,1,1,110),(1569,20217,156146,27,16,1,2,168.75),(1570,10699,156146,11,11,1,0,100),(1571,15475,156146,10,6,2,0,166.67),(1572,22901,156146,0,2,0,0,0),(1573,9748,156146,5,6,0,0,83.33),(1574,22531,156146,0,0,0,0,0),(1575,11450,156146,0,0,0,0,0),(1576,1114,156157,5,5,1,0,100),(1577,6710,156157,10,5,2,0,200),(1578,11131,156157,84,56,9,3,150),(1579,18143,156157,17,11,2,1,154.55),(1580,6471,156157,5,10,0,0,50),(1581,13309,156157,4,5,0,0,80),(1582,11129,156157,1,3,0,0,33.33),(1583,10449,156157,3,4,0,0,75),(1584,12769,156157,13,11,1,0,118.18),(1585,10451,156157,0,1,0,0,0),(1586,11124,156157,2,2,0,0,100),(1587,22891,156157,16,23,1,0,69.57),(1588,22896,156157,11,11,2,0,100),(1589,14732,156157,26,27,2,1,96.3),(1590,12788,156157,22,20,1,1,110),(1591,20217,156157,27,16,1,2,168.75),(1592,10699,156157,11,11,1,0,100),(1593,15475,156157,10,6,2,0,166.67),(1594,22901,156157,0,2,0,0,0),(1595,9748,156157,5,6,0,0,83.33),(1596,22531,156157,0,0,0,0,0),(1597,11450,156157,0,0,0,0,0),(1598,1114,156168,5,5,1,0,100),(1599,6710,156168,10,5,2,0,200),(1600,11131,156168,84,56,9,3,150),(1601,18143,156168,17,11,2,1,154.55),(1602,6471,156168,5,10,0,0,50),(1603,13309,156168,4,5,0,0,80),(1604,11129,156168,1,3,0,0,33.33),(1605,10449,156168,3,4,0,0,75),(1606,12769,156168,13,11,1,0,118.18),(1607,10451,156168,0,1,0,0,0),(1608,11124,156168,2,2,0,0,100),(1609,22891,156168,16,23,1,0,69.57),(1610,22896,156168,11,11,2,0,100),(1611,14732,156168,26,27,2,1,96.3),(1612,12788,156168,22,20,1,1,110),(1613,20217,156168,27,16,1,2,168.75),(1614,10699,156168,11,11,1,0,100),(1615,15475,156168,10,6,2,0,166.67),(1616,22901,156168,0,2,0,0,0),(1617,9748,156168,5,6,0,0,83.33),(1618,22531,156168,0,0,0,0,0),(1619,11450,156168,0,0,0,0,0),(1620,1114,156179,5,5,1,0,100),(1621,6710,156179,10,5,2,0,200),(1622,11131,156179,84,56,9,3,150),(1623,18143,156179,17,11,2,1,154.55),(1624,6471,156179,5,10,0,0,50),(1625,13309,156179,4,5,0,0,80),(1626,11129,156179,1,3,0,0,33.33),(1627,10449,156179,3,4,0,0,75),(1628,12769,156179,13,11,1,0,118.18),(1629,10451,156179,0,1,0,0,0),(1630,11124,156179,2,2,0,0,100),(1631,22891,156179,16,23,1,0,69.57),(1632,22896,156179,11,11,2,0,100),(1633,14732,156179,26,27,2,1,96.3),(1634,12788,156179,22,20,1,1,110),(1635,20217,156179,27,16,1,2,168.75),(1636,10699,156179,11,11,1,0,100),(1637,15475,156179,10,6,2,0,166.67),(1638,22901,156179,0,2,0,0,0),(1639,9748,156179,5,6,0,0,83.33),(1640,22531,156179,0,0,0,0,0),(1641,11450,156179,0,0,0,0,0),(1642,1114,159963,5,5,1,0,100),(1643,6710,159963,10,5,2,0,200),(1644,11131,159963,84,56,9,3,150),(1645,18143,159963,17,11,2,1,154.55),(1646,6471,159963,5,10,0,0,50),(1647,13309,159963,4,5,0,0,80),(1648,11129,159963,1,3,0,0,33.33),(1649,10449,159963,3,4,0,0,75),(1650,12769,159963,13,11,1,0,118.18),(1651,10451,159963,0,1,0,0,0),(1652,11124,159963,2,2,0,0,100),(1653,22891,159963,16,23,1,0,69.57),(1654,22896,159963,11,11,2,0,100),(1655,14732,159963,26,27,2,1,96.3),(1656,12788,159963,22,20,1,1,110),(1657,20217,159963,27,16,1,2,168.75),(1658,10699,159963,11,11,1,0,100),(1659,15475,159963,10,6,2,0,166.67),(1660,22901,159963,0,2,0,0,0),(1661,9748,159963,5,6,0,0,83.33),(1662,22531,159963,0,0,0,0,0),(1663,11450,159963,0,0,0,0,0),(1664,1114,160090,5,5,1,0,100),(1665,6710,160090,10,5,2,0,200),(1666,11131,160090,84,56,9,3,150),(1667,18143,160090,17,11,2,1,154.55),(1668,6471,160090,5,10,0,0,50),(1669,13309,160090,4,5,0,0,80),(1670,11129,160090,1,3,0,0,33.33),(1671,10449,160090,3,4,0,0,75),(1672,12769,160090,13,11,1,0,118.18),(1673,10451,160090,0,1,0,0,0),(1674,11124,160090,2,2,0,0,100),(1675,22891,160090,16,23,1,0,69.57),(1676,22896,160090,11,11,2,0,100),(1677,14732,160090,26,27,2,1,96.3),(1678,12788,160090,22,20,1,1,110),(1679,20217,160090,27,16,1,2,168.75),(1680,10699,160090,11,11,1,0,100),(1681,15475,160090,10,6,2,0,166.67),(1682,22901,160090,0,2,0,0,0),(1683,9748,160090,5,6,0,0,83.33),(1684,22531,160090,0,0,0,0,0),(1685,11450,160090,0,0,0,0,0),(1686,1114,160101,5,5,1,0,100),(1687,6710,160101,10,5,2,0,200),(1688,11131,160101,84,56,9,3,150),(1689,18143,160101,17,11,2,1,154.55),(1690,6471,160101,5,10,0,0,50),(1691,13309,160101,4,5,0,0,80),(1692,11129,160101,1,3,0,0,33.33),(1693,10449,160101,3,4,0,0,75),(1694,12769,160101,13,11,1,0,118.18),(1695,10451,160101,0,1,0,0,0),(1696,11124,160101,2,2,0,0,100),(1697,22891,160101,16,23,1,0,69.57),(1698,22896,160101,11,11,2,0,100),(1699,14732,160101,26,27,2,1,96.3),(1700,12788,160101,22,20,1,1,110),(1701,20217,160101,27,16,1,2,168.75),(1702,10699,160101,11,11,1,0,100),(1703,15475,160101,10,6,2,0,166.67),(1704,22901,160101,0,2,0,0,0),(1705,9748,160101,5,6,0,0,83.33),(1706,22531,160101,0,0,0,0,0),(1707,11450,160101,0,0,0,0,0),(1708,1114,160108,5,5,1,0,100),(1709,6710,160108,10,5,2,0,200),(1710,11131,160108,84,56,9,3,150),(1711,18143,160108,17,11,2,1,154.55),(1712,6471,160108,5,10,0,0,50),(1713,13309,160108,4,5,0,0,80),(1714,11129,160108,1,3,0,0,33.33),(1715,10449,160108,3,4,0,0,75),(1716,12769,160108,13,11,1,0,118.18),(1717,10451,160108,0,1,0,0,0),(1718,11124,160108,2,2,0,0,100),(1719,22891,160108,16,23,1,0,69.57),(1720,22896,160108,11,11,2,0,100),(1721,14732,160108,26,27,2,1,96.3),(1722,12788,160108,22,20,1,1,110),(1723,20217,160108,27,16,1,2,168.75),(1724,10699,160108,11,11,1,0,100),(1725,15475,160108,10,6,2,0,166.67),(1726,22901,160108,0,2,0,0,0),(1727,9748,160108,5,6,0,0,83.33),(1728,22531,160108,0,0,0,0,0),(1729,11450,160108,0,0,0,0,0),(1730,1114,160119,5,5,1,0,100),(1731,6710,160119,10,5,2,0,200),(1732,11131,160119,84,56,9,3,150),(1733,18143,160119,17,11,2,1,154.55),(1734,6471,160119,5,10,0,0,50),(1735,13309,160119,4,5,0,0,80),(1736,11129,160119,1,3,0,0,33.33),(1737,10449,160119,3,4,0,0,75),(1738,12769,160119,13,11,1,0,118.18),(1739,10451,160119,0,1,0,0,0),(1740,11124,160119,2,2,0,0,100),(1741,22891,160119,16,23,1,0,69.57),(1742,22896,160119,11,11,2,0,100),(1743,14732,160119,26,27,2,1,96.3),(1744,12788,160119,22,20,1,1,110),(1745,20217,160119,27,16,1,2,168.75),(1746,10699,160119,11,11,1,0,100),(1747,15475,160119,10,6,2,0,166.67),(1748,22901,160119,0,2,0,0,0),(1749,9748,160119,5,6,0,0,83.33),(1750,22531,160119,0,0,0,0,0),(1751,11450,160119,0,0,0,0,0),(1752,1114,160130,5,5,1,0,100),(1753,6710,160130,10,5,2,0,200),(1754,11131,160130,84,56,9,3,150),(1755,18143,160130,17,11,2,1,154.55),(1756,6471,160130,5,10,0,0,50),(1757,13309,160130,4,5,0,0,80),(1758,11129,160130,1,3,0,0,33.33),(1759,10449,160130,3,4,0,0,75),(1760,12769,160130,13,11,1,0,118.18),(1761,10451,160130,0,1,0,0,0),(1762,11124,160130,2,2,0,0,100),(1763,22891,160130,16,23,1,0,69.57),(1764,22896,160130,11,11,2,0,100),(1765,14732,160130,26,27,2,1,96.3),(1766,12788,160130,22,20,1,1,110),(1767,20217,160130,27,16,1,2,168.75),(1768,10699,160130,11,11,1,0,100),(1769,15475,160130,10,6,2,0,166.67),(1770,22901,160130,0,2,0,0,0),(1771,9748,160130,5,6,0,0,83.33),(1772,22531,160130,0,0,0,0,0),(1773,11450,160130,0,0,0,0,0),(1774,1114,160141,5,5,1,0,100),(1775,6710,160141,10,5,2,0,200),(1776,11131,160141,84,56,9,3,150),(1777,18143,160141,17,11,2,1,154.55),(1778,6471,160141,5,10,0,0,50),(1779,13309,160141,4,5,0,0,80),(1780,11129,160141,1,3,0,0,33.33),(1781,10449,160141,3,4,0,0,75),(1782,12769,160141,13,11,1,0,118.18),(1783,10451,160141,0,1,0,0,0),(1784,11124,160141,2,2,0,0,100),(1785,22891,160141,16,23,1,0,69.57),(1786,22896,160141,11,11,2,0,100),(1787,14732,160141,26,27,2,1,96.3),(1788,12788,160141,22,20,1,1,110),(1789,20217,160141,27,16,1,2,168.75),(1790,10699,160141,11,11,1,0,100),(1791,15475,160141,10,6,2,0,166.67),(1792,22901,160141,0,2,0,0,0),(1793,9748,160141,5,6,0,0,83.33),(1794,22531,160141,0,0,0,0,0),(1795,11450,160141,0,0,0,0,0),(1796,1114,160215,5,5,1,0,100),(1797,6710,160215,10,5,2,0,200),(1798,11131,160215,84,56,9,3,150),(1799,18143,160215,17,11,2,1,154.55),(1800,6471,160215,5,10,0,0,50),(1801,13309,160215,4,5,0,0,80),(1802,11129,160215,1,3,0,0,33.33),(1803,10449,160215,3,4,0,0,75),(1804,12769,160215,13,11,1,0,118.18),(1805,10451,160215,0,1,0,0,0),(1806,11124,160215,2,2,0,0,100),(1807,22891,160215,16,23,1,0,69.57),(1808,22896,160215,11,11,2,0,100),(1809,14732,160215,26,27,2,1,96.3),(1810,12788,160215,22,20,1,1,110),(1811,20217,160215,27,16,1,2,168.75),(1812,10699,160215,11,11,1,0,100),(1813,15475,160215,10,6,2,0,166.67),(1814,22901,160215,0,2,0,0,0),(1815,9748,160215,5,6,0,0,83.33),(1816,22531,160215,0,0,0,0,0),(1817,11450,160215,0,0,0,0,0),(1818,1114,160218,5,5,1,0,100),(1819,6710,160218,10,5,2,0,200),(1820,11131,160218,84,56,9,3,150),(1821,18143,160218,17,11,2,1,154.55),(1822,6471,160218,5,10,0,0,50),(1823,13309,160218,4,5,0,0,80),(1824,11129,160218,1,3,0,0,33.33),(1825,10449,160218,3,4,0,0,75),(1826,12769,160218,13,11,1,0,118.18),(1827,10451,160218,0,1,0,0,0),(1828,11124,160218,2,2,0,0,100),(1829,22891,160218,16,23,1,0,69.57),(1830,22896,160218,11,11,2,0,100),(1831,14732,160218,26,27,2,1,96.3),(1832,12788,160218,22,20,1,1,110),(1833,20217,160218,27,16,1,2,168.75),(1834,10699,160218,11,11,1,0,100),(1835,15475,160218,10,6,2,0,166.67),(1836,22901,160218,0,2,0,0,0),(1837,9748,160218,5,6,0,0,83.33),(1838,22531,160218,0,0,0,0,0),(1839,11450,160218,0,0,0,0,0),(1840,1114,160229,5,5,1,0,100),(1841,6710,160229,10,5,2,0,200),(1842,11131,160229,84,56,9,3,150),(1843,18143,160229,17,11,2,1,154.55),(1844,6471,160229,5,10,0,0,50),(1845,13309,160229,4,5,0,0,80),(1846,11129,160229,1,3,0,0,33.33),(1847,10449,160229,3,4,0,0,75),(1848,12769,160229,13,11,1,0,118.18),(1849,10451,160229,0,1,0,0,0),(1850,11124,160229,2,2,0,0,100),(1851,22891,160229,16,23,1,0,69.57),(1852,22896,160229,11,11,2,0,100),(1853,14732,160229,26,27,2,1,96.3),(1854,12788,160229,22,20,1,1,110),(1855,20217,160229,27,16,1,2,168.75),(1856,10699,160229,11,11,1,0,100),(1857,15475,160229,10,6,2,0,166.67),(1858,22901,160229,0,2,0,0,0),(1859,9748,160229,5,6,0,0,83.33),(1860,22531,160229,0,0,0,0,0),(1861,11450,160229,0,0,0,0,0),(1862,1114,160240,5,5,1,0,100),(1863,6710,160240,10,5,2,0,200),(1864,11131,160240,84,56,9,3,150),(1865,18143,160240,17,11,2,1,154.55),(1866,6471,160240,5,10,0,0,50),(1867,13309,160240,4,5,0,0,80),(1868,11129,160240,1,3,0,0,33.33),(1869,10449,160240,3,4,0,0,75),(1870,12769,160240,13,11,1,0,118.18),(1871,10451,160240,0,1,0,0,0),(1872,11124,160240,2,2,0,0,100),(1873,22891,160240,16,23,1,0,69.57),(1874,22896,160240,11,11,2,0,100),(1875,14732,160240,26,27,2,1,96.3),(1876,12788,160240,22,20,1,1,110),(1877,20217,160240,27,16,1,2,168.75),(1878,10699,160240,11,11,1,0,100),(1879,15475,160240,10,6,2,0,166.67),(1880,22901,160240,0,2,0,0,0),(1881,9748,160240,5,6,0,0,83.33),(1882,22531,160240,0,0,0,0,0),(1883,11450,160240,0,0,0,0,0),(1884,1114,160625,5,5,1,0,100),(1885,6710,160625,10,5,2,0,200),(1886,11131,160625,84,56,9,3,150),(1887,18143,160625,17,11,2,1,154.55),(1888,6471,160625,5,10,0,0,50),(1889,13309,160625,4,5,0,0,80),(1890,11129,160625,1,3,0,0,33.33),(1891,10449,160625,3,4,0,0,75),(1892,12769,160625,13,11,1,0,118.18),(1893,10451,160625,0,1,0,0,0),(1894,11124,160625,2,2,0,0,100),(1895,22891,160625,16,23,1,0,69.57),(1896,22896,160625,11,11,2,0,100),(1897,14732,160625,26,27,2,1,96.3),(1898,12788,160625,22,20,1,1,110),(1899,20217,160625,27,16,1,2,168.75),(1900,10699,160625,11,11,1,0,100),(1901,15475,160625,10,6,2,0,166.67),(1902,22901,160625,0,2,0,0,0),(1903,9748,160625,5,6,0,0,83.33),(1904,22531,160625,0,0,0,0,0),(1905,11450,160625,0,0,0,0,0),(1906,1114,160636,5,5,1,0,100),(1907,6710,160636,10,5,2,0,200),(1908,11131,160636,84,56,9,3,150),(1909,18143,160636,17,11,2,1,154.55),(1910,6471,160636,5,10,0,0,50),(1911,13309,160636,4,5,0,0,80),(1912,11129,160636,1,3,0,0,33.33),(1913,10449,160636,3,4,0,0,75),(1914,12769,160636,13,11,1,0,118.18),(1915,10451,160636,0,1,0,0,0),(1916,11124,160636,2,2,0,0,100),(1917,22891,160636,16,23,1,0,69.57),(1918,22896,160636,11,11,2,0,100),(1919,14732,160636,26,27,2,1,96.3),(1920,12788,160636,22,20,1,1,110),(1921,20217,160636,27,16,1,2,168.75),(1922,10699,160636,11,11,1,0,100),(1923,15475,160636,10,6,2,0,166.67),(1924,22901,160636,0,2,0,0,0),(1925,9748,160636,5,6,0,0,83.33),(1926,22531,160636,0,0,0,0,0),(1927,11450,160636,0,0,0,0,0),(1928,1114,160640,5,5,1,0,100),(1929,6710,160640,10,5,2,0,200),(1930,11131,160640,84,56,9,3,150),(1931,18143,160640,17,11,2,1,154.55),(1932,6471,160640,5,10,0,0,50),(1933,13309,160640,4,5,0,0,80),(1934,11129,160640,1,3,0,0,33.33),(1935,10449,160640,3,4,0,0,75),(1936,12769,160640,13,11,1,0,118.18),(1937,10451,160640,0,1,0,0,0),(1938,11124,160640,2,2,0,0,100),(1939,22891,160640,16,23,1,0,69.57),(1940,22896,160640,11,11,2,0,100),(1941,14732,160640,26,27,2,1,96.3),(1942,12788,160640,22,20,1,1,110),(1943,20217,160640,27,16,1,2,168.75),(1944,10699,160640,11,11,1,0,100),(1945,15475,160640,10,6,2,0,166.67),(1946,22901,160640,0,2,0,0,0),(1947,9748,160640,5,6,0,0,83.33),(1948,22531,160640,0,0,0,0,0),(1949,11450,160640,0,0,0,0,0),(1950,1114,160651,5,5,1,0,100),(1951,6710,160651,10,5,2,0,200),(1952,11131,160651,84,56,9,3,150),(1953,18143,160651,17,11,2,1,154.55),(1954,6471,160651,5,10,0,0,50),(1955,13309,160651,4,5,0,0,80),(1956,11129,160651,1,3,0,0,33.33),(1957,10449,160651,3,4,0,0,75),(1958,12769,160651,13,11,1,0,118.18),(1959,10451,160651,0,1,0,0,0),(1960,11124,160651,2,2,0,0,100),(1961,22891,160651,16,23,1,0,69.57),(1962,22896,160651,11,11,2,0,100),(1963,14732,160651,26,27,2,1,96.3),(1964,12788,160651,22,20,1,1,110),(1965,20217,160651,27,16,1,2,168.75),(1966,10699,160651,11,11,1,0,100),(1967,15475,160651,10,6,2,0,166.67),(1968,22901,160651,0,2,0,0,0),(1969,9748,160651,5,6,0,0,83.33),(1970,22531,160651,0,0,0,0,0),(1971,11450,160651,0,0,0,0,0),(1972,1114,160662,5,5,1,0,100),(1973,6710,160662,10,5,2,0,200),(1974,11131,160662,84,56,9,3,150),(1975,18143,160662,17,11,2,1,154.55),(1976,6471,160662,5,10,0,0,50),(1977,13309,160662,4,5,0,0,80),(1978,11129,160662,1,3,0,0,33.33),(1979,10449,160662,3,4,0,0,75),(1980,12769,160662,13,11,1,0,118.18),(1981,10451,160662,0,1,0,0,0),(1982,11124,160662,2,2,0,0,100),(1983,22891,160662,16,23,1,0,69.57),(1984,22896,160662,11,11,2,0,100),(1985,14732,160662,26,27,2,1,96.3),(1986,12788,160662,22,20,1,1,110),(1987,20217,160662,27,16,1,2,168.75),(1988,10699,160662,11,11,1,0,100),(1989,15475,160662,10,6,2,0,166.67),(1990,22901,160662,0,2,0,0,0),(1991,9748,160662,5,6,0,0,83.33),(1992,22531,160662,0,0,0,0,0),(1993,11450,160662,0,0,0,0,0),(1994,1114,160673,5,5,1,0,100),(1995,6710,160673,10,5,2,0,200),(1996,11131,160673,84,56,9,3,150),(1997,18143,160673,17,11,2,1,154.55),(1998,6471,160673,5,10,0,0,50),(1999,13309,160673,4,5,0,0,80),(2000,11129,160673,1,3,0,0,33.33),(2001,10449,160673,3,4,0,0,75),(2002,12769,160673,13,11,1,0,118.18),(2003,10451,160673,0,1,0,0,0),(2004,11124,160673,2,2,0,0,100),(2005,22891,160673,16,23,1,0,69.57),(2006,22896,160673,11,11,2,0,100),(2007,14732,160673,26,27,2,1,96.3),(2008,12788,160673,22,20,1,1,110),(2009,20217,160673,27,16,1,2,168.75),(2010,10699,160673,11,11,1,0,100),(2011,15475,160673,10,6,2,0,166.67),(2012,22901,160673,0,2,0,0,0),(2013,9748,160673,5,6,0,0,83.33),(2014,22531,160673,0,0,0,0,0),(2015,11450,160673,0,0,0,0,0),(2016,1114,160678,5,5,1,0,100),(2017,6710,160678,10,5,2,0,200),(2018,11131,160678,84,56,9,3,150),(2019,18143,160678,17,11,2,1,154.55),(2020,6471,160678,5,10,0,0,50),(2021,13309,160678,4,5,0,0,80),(2022,11129,160678,1,3,0,0,33.33),(2023,10449,160678,3,4,0,0,75),(2024,12769,160678,13,11,1,0,118.18),(2025,10451,160678,0,1,0,0,0),(2026,11124,160678,2,2,0,0,100),(2027,22891,160678,16,23,1,0,69.57),(2028,22896,160678,11,11,2,0,100),(2029,14732,160678,26,27,2,1,96.3),(2030,12788,160678,22,20,1,1,110),(2031,20217,160678,27,16,1,2,168.75),(2032,10699,160678,11,11,1,0,100),(2033,15475,160678,10,6,2,0,166.67),(2034,22901,160678,0,2,0,0,0),(2035,9748,160678,5,6,0,0,83.33),(2036,22531,160678,0,0,0,0,0),(2037,11450,160678,0,0,0,0,0);
/*!40000 ALTER TABLE `batting_stats` ENABLE KEYS */;
UNLOCK TABLES;

--
-- Table structure for table `bowling_stats`
--

DROP TABLE IF EXISTS `bowling_stats`;
/*!40101 SET @saved_cs_client     = @@character_set_client */;
/*!50503 SET character_set_client = utf8mb4 */;
CREATE TABLE `bowling_stats` (
  `stat_id` int NOT NULL AUTO_INCREMENT,
  `player_id` int DEFAULT NULL,
  `match_id` bigint DEFAULT NULL,
  `overs` float DEFAULT NULL,
  `wickets` int DEFAULT NULL,
  `runs_given` int DEFAULT NULL,
  `economy` float DEFAULT NULL,
  `maidens` int DEFAULT NULL,
  PRIMARY KEY (`stat_id`),
  KEY `player_id` (`player_id`),
  KEY `match_id` (`match_id`),
  CONSTRAINT `bowling_stats_ibfk_1` FOREIGN KEY (`player_id`) REFERENCES `players` (`player_id`),
  CONSTRAINT `bowling_stats_ibfk_2` FOREIGN KEY (`match_id`) REFERENCES `matches` (`match_id`)
) ENGINE=InnoDB AUTO_INCREMENT=1111 DEFAULT CHARSET=utf8mb4 COLLATE=utf8mb4_0900_ai_ci;
/*!40101 SET character_set_client = @saved_cs_client */;

--
-- Dumping data for table `bowling_stats`
--

LOCK TABLES `bowling_stats` WRITE;
/*!40000 ALTER TABLE `bowling_stats` DISABLE KEYS */;
INSERT INTO `bowling_stats` VALUES (1,15475,40381,4,2,29,7.2,0),(2,9748,40381,3.5,3,33,8.6,0),(3,11450,40381,3,0,34,11.3,0),(4,22901,40381,4,2,32,8,0),(5,22531,40381,3,2,16,5.3,0),(6,22891,40381,1,0,5,5,0),(7,15475,40381,4,2,29,7.2,0),(8,9748,40381,3.5,3,33,8.6,0),(9,11450,40381,3,0,34,11.3,0),(10,22901,40381,4,2,32,8,0),(11,22531,40381,3,2,16,5.3,0),(12,22891,40381,1,0,5,5,0),(13,10449,40381,4,1,25,6.2,0),(14,10451,40381,4,0,24,6,0),(15,18143,40381,4,4,25,6.2,1),(16,12769,40381,4,0,31,7.8,0),(17,11124,40381,3,1,27,9,0),(18,1114,40381,1,0,4,4,0),(19,15475,121824,4,2,29,7.2,0),(20,9748,121824,3.5,3,33,8.6,0),(21,11450,121824,3,0,34,11.3,0),(22,22901,121824,4,2,32,8,0),(23,22531,121824,3,2,16,5.3,0),(24,22891,121824,1,0,5,5,0),(25,10449,121824,4,1,25,6.2,0),(26,10451,121824,4,0,24,6,0),(27,18143,121824,4,4,25,6.2,1),(28,12769,121824,4,0,31,7.8,0),(29,11124,121824,3,1,27,9,0),(30,1114,121824,1,0,4,4,0),(31,15475,121835,4,2,29,7.2,0),(32,9748,121835,3.5,3,33,8.6,0),(33,11450,121835,3,0,34,11.3,0),(34,22901,121835,4,2,32,8,0),(35,22531,121835,3,2,16,5.3,0),(36,22891,121835,1,0,5,5,0),(37,10449,121835,4,1,25,6.2,0),(38,10451,121835,4,0,24,6,0),(39,18143,121835,4,4,25,6.2,1),(40,12769,121835,4,0,31,7.8,0),(41,11124,121835,3,1,27,9,0),(42,1114,121835,1,0,4,4,0),(43,15475,121840,4,2,29,7.2,0),(44,9748,121840,3.5,3,33,8.6,0),(45,11450,121840,3,0,34,11.3,0),(46,22901,121840,4,2,32,8,0),(47,22531,121840,3,2,16,5.3,0),(48,22891,121840,1,0,5,5,0),(49,10449,121840,4,1,25,6.2,0),(50,10451,121840,4,0,24,6,0),(51,18143,121840,4,4,25,6.2,1),(52,12769,121840,4,0,31,7.8,0),(53,11124,121840,3,1,27,9,0),(54,1114,121840,1,0,4,4,0),(55,15475,121846,4,2,29,7.2,0),(56,9748,121846,3.5,3,33,8.6,0),(57,11450,121846,3,0,34,11.3,0),(58,22901,121846,4,2,32,8,0),(59,22531,121846,3,2,16,5.3,0),(60,22891,121846,1,0,5,5,0),(61,10449,121846,4,1,25,6.2,0),(62,10451,121846,4,0,24,6,0),(63,18143,121846,4,4,25,6.2,1),(64,12769,121846,4,0,31,7.8,0),(65,11124,121846,3,1,27,9,0),(66,1114,121846,1,0,4,4,0),(67,15475,121857,4,2,29,7.2,0),(68,9748,121857,3.5,3,33,8.6,0),(69,11450,121857,3,0,34,11.3,0),(70,22901,121857,4,2,32,8,0),(71,22531,121857,3,2,16,5.3,0),(72,22891,121857,1,0,5,5,0),(73,10449,121857,4,1,25,6.2,0),(74,10451,121857,4,0,24,6,0),(75,18143,121857,4,4,25,6.2,1),(76,12769,121857,4,0,31,7.8,0),(77,11124,121857,3,1,27,9,0),(78,1114,121857,1,0,4,4,0),(79,15475,121868,4,2,29,7.2,0),(80,9748,121868,3.5,3,33,8.6,0),(81,11450,121868,3,0,34,11.3,0),(82,22901,121868,4,2,32,8,0),(83,22531,121868,3,2,16,5.3,0),(84,22891,121868,1,0,5,5,0),(85,10449,121868,4,1,25,6.2,0),(86,10451,121868,4,0,24,6,0),(87,18143,121868,4,4,25,6.2,1),(88,12769,121868,4,0,31,7.8,0),(89,11124,121868,3,1,27,9,0),(90,1114,121868,1,0,4,4,0),(91,15475,121873,4,2,29,7.2,0),(92,9748,121873,3.5,3,33,8.6,0),(93,11450,121873,3,0,34,11.3,0),(94,22901,121873,4,2,32,8,0),(95,22531,121873,3,2,16,5.3,0),(96,22891,121873,1,0,5,5,0),(97,10449,121873,4,1,25,6.2,0),(98,10451,121873,4,0,24,6,0),(99,18143,121873,4,4,25,6.2,1),(100,12769,121873,4,0,31,7.8,0),(101,11124,121873,3,1,27,9,0),(102,1114,121873,1,0,4,4,0),(103,15475,121879,4,2,29,7.2,0),(104,9748,121879,3.5,3,33,8.6,0),(105,11450,121879,3,0,34,11.3,0),(106,22901,121879,4,2,32,8,0),(107,22531,121879,3,2,16,5.3,0),(108,22891,121879,1,0,5,5,0),(109,10449,121879,4,1,25,6.2,0),(110,10451,121879,4,0,24,6,0),(111,18143,121879,4,4,25,6.2,1),(112,12769,121879,4,0,31,7.8,0),(113,11124,121879,3,1,27,9,0),(114,1114,121879,1,0,4,4,0),(115,15475,121890,4,2,29,7.2,0),(116,9748,121890,3.5,3,33,8.6,0),(117,11450,121890,3,0,34,11.3,0),(118,22901,121890,4,2,32,8,0),(119,22531,121890,3,2,16,5.3,0),(120,22891,121890,1,0,5,5,0),(121,10449,121890,4,1,25,6.2,0),(122,10451,121890,4,0,24,6,0),(123,18143,121890,4,4,25,6.2,1),(124,12769,121890,4,0,31,7.8,0),(125,11124,121890,3,1,27,9,0),(126,1114,121890,1,0,4,4,0),(127,15475,121901,4,2,29,7.2,0),(128,9748,121901,3.5,3,33,8.6,0),(129,11450,121901,3,0,34,11.3,0),(130,22901,121901,4,2,32,8,0),(131,22531,121901,3,2,16,5.3,0),(132,22891,121901,1,0,5,5,0),(133,10449,121901,4,1,25,6.2,0),(134,10451,121901,4,0,24,6,0),(135,18143,121901,4,4,25,6.2,1),(136,12769,121901,4,0,31,7.8,0),(137,11124,121901,3,1,27,9,0),(138,1114,121901,1,0,4,4,0),(139,15475,121912,4,2,29,7.2,0),(140,9748,121912,3.5,3,33,8.6,0),(141,11450,121912,3,0,34,11.3,0),(142,22901,121912,4,2,32,8,0),(143,22531,121912,3,2,16,5.3,0),(144,22891,121912,1,0,5,5,0),(145,10449,121912,4,1,25,6.2,0),(146,10451,121912,4,0,24,6,0),(147,18143,121912,4,4,25,6.2,1),(148,12769,121912,4,0,31,7.8,0),(149,11124,121912,3,1,27,9,0),(150,1114,121912,1,0,4,4,0),(151,15475,121923,4,2,29,7.2,0),(152,9748,121923,3.5,3,33,8.6,0),(153,11450,121923,3,0,34,11.3,0),(154,22901,121923,4,2,32,8,0),(155,22531,121923,3,2,16,5.3,0),(156,22891,121923,1,0,5,5,0),(157,10449,121923,4,1,25,6.2,0),(158,10451,121923,4,0,24,6,0),(159,18143,121923,4,4,25,6.2,1),(160,12769,121923,4,0,31,7.8,0),(161,11124,121923,3,1,27,9,0),(162,1114,121923,1,0,4,4,0),(163,15475,129563,4,2,29,7.2,0),(164,9748,129563,3.5,3,33,8.6,0),(165,11450,129563,3,0,34,11.3,0),(166,22901,129563,4,2,32,8,0),(167,22531,129563,3,2,16,5.3,0),(168,22891,129563,1,0,5,5,0),(169,10449,129563,4,1,25,6.2,0),(170,10451,129563,4,0,24,6,0),(171,18143,129563,4,4,25,6.2,1),(172,12769,129563,4,0,31,7.8,0),(173,11124,129563,3,1,27,9,0),(174,1114,129563,1,0,4,4,0),(175,15475,142349,4,2,29,7.2,0),(176,9748,142349,3.5,3,33,8.6,0),(177,11450,142349,3,0,34,11.3,0),(178,22901,142349,4,2,32,8,0),(179,22531,142349,3,2,16,5.3,0),(180,22891,142349,1,0,5,5,0),(181,10449,142349,4,1,25,6.2,0),(182,10451,142349,4,0,24,6,0),(183,18143,142349,4,4,25,6.2,1),(184,12769,142349,4,0,31,7.8,0),(185,11124,142349,3,1,27,9,0),(186,1114,142349,1,0,4,4,0),(187,15475,142360,4,2,29,7.2,0),(188,9748,142360,3.5,3,33,8.6,0),(189,11450,142360,3,0,34,11.3,0),(190,22901,142360,4,2,32,8,0),(191,22531,142360,3,2,16,5.3,0),(192,22891,142360,1,0,5,5,0),(193,10449,142360,4,1,25,6.2,0),(194,10451,142360,4,0,24,6,0),(195,18143,142360,4,4,25,6.2,1),(196,12769,142360,4,0,31,7.8,0),(197,11124,142360,3,1,27,9,0),(198,1114,142360,1,0,4,4,0),(199,15475,142362,4,2,29,7.2,0),(200,9748,142362,3.5,3,33,8.6,0),(201,11450,142362,3,0,34,11.3,0),(202,22901,142362,4,2,32,8,0),(203,22531,142362,3,2,16,5.3,0),(204,22891,142362,1,0,5,5,0),(205,10449,142362,4,1,25,6.2,0),(206,10451,142362,4,0,24,6,0),(207,18143,142362,4,4,25,6.2,1),(208,12769,142362,4,0,31,7.8,0),(209,11124,142362,3,1,27,9,0),(210,1114,142362,1,0,4,4,0),(211,15475,142365,4,2,29,7.2,0),(212,9748,142365,3.5,3,33,8.6,0),(213,11450,142365,3,0,34,11.3,0),(214,22901,142365,4,2,32,8,0),(215,22531,142365,3,2,16,5.3,0),(216,22891,142365,1,0,5,5,0),(217,10449,142365,4,1,25,6.2,0),(218,10451,142365,4,0,24,6,0),(219,18143,142365,4,4,25,6.2,1),(220,12769,142365,4,0,31,7.8,0),(221,11124,142365,3,1,27,9,0),(222,1114,142365,1,0,4,4,0),(223,15475,142376,4,2,29,7.2,0),(224,9748,142376,3.5,3,33,8.6,0),(225,11450,142376,3,0,34,11.3,0),(226,22901,142376,4,2,32,8,0),(227,22531,142376,3,2,16,5.3,0),(228,22891,142376,1,0,5,5,0),(229,10449,142376,4,1,25,6.2,0),(230,10451,142376,4,0,24,6,0),(231,18143,142376,4,4,25,6.2,1),(232,12769,142376,4,0,31,7.8,0),(233,11124,142376,3,1,27,9,0),(234,1114,142376,1,0,4,4,0),(235,15475,142387,4,2,29,7.2,0),(236,9748,142387,3.5,3,33,8.6,0),(237,11450,142387,3,0,34,11.3,0),(238,22901,142387,4,2,32,8,0),(239,22531,142387,3,2,16,5.3,0),(240,22891,142387,1,0,5,5,0),(241,10449,142387,4,1,25,6.2,0),(242,10451,142387,4,0,24,6,0),(243,18143,142387,4,4,25,6.2,1),(244,12769,142387,4,0,31,7.8,0),(245,11124,142387,3,1,27,9,0),(246,1114,142387,1,0,4,4,0),(247,15475,142409,4,2,29,7.2,0),(248,9748,142409,3.5,3,33,8.6,0),(249,11450,142409,3,0,34,11.3,0),(250,22901,142409,4,2,32,8,0),(251,22531,142409,3,2,16,5.3,0),(252,22891,142409,1,0,5,5,0),(253,10449,142409,4,1,25,6.2,0),(254,10451,142409,4,0,24,6,0),(255,18143,142409,4,4,25,6.2,1),(256,12769,142409,4,0,31,7.8,0),(257,11124,142409,3,1,27,9,0),(258,1114,142409,1,0,4,4,0),(259,15475,142989,4,2,29,7.2,0),(260,9748,142989,3.5,3,33,8.6,0),(261,11450,142989,3,0,34,11.3,0),(262,22901,142989,4,2,32,8,0),(263,22531,142989,3,2,16,5.3,0),(264,22891,142989,1,0,5,5,0),(265,10449,142989,4,1,25,6.2,0),(266,10451,142989,4,0,24,6,0),(267,18143,142989,4,4,25,6.2,1),(268,12769,142989,4,0,31,7.8,0),(269,11124,142989,3,1,27,9,0),(270,1114,142989,1,0,4,4,0),(271,15475,143000,4,2,29,7.2,0),(272,9748,143000,3.5,3,33,8.6,0),(273,11450,143000,3,0,34,11.3,0),(274,22901,143000,4,2,32,8,0),(275,22531,143000,3,2,16,5.3,0),(276,22891,143000,1,0,5,5,0),(277,10449,143000,4,1,25,6.2,0),(278,10451,143000,4,0,24,6,0),(279,18143,143000,4,4,25,6.2,1),(280,12769,143000,4,0,31,7.8,0),(281,11124,143000,3,1,27,9,0),(282,1114,143000,1,0,4,4,0),(283,15475,143003,4,2,29,7.2,0),(284,9748,143003,3.5,3,33,8.6,0),(285,11450,143003,3,0,34,11.3,0),(286,22901,143003,4,2,32,8,0),(287,22531,143003,3,2,16,5.3,0),(288,22891,143003,1,0,5,5,0),(289,10449,143003,4,1,25,6.2,0),(290,10451,143003,4,0,24,6,0),(291,18143,143003,4,4,25,6.2,1),(292,12769,143003,4,0,31,7.8,0),(293,11124,143003,3,1,27,9,0),(294,1114,143003,1,0,4,4,0),(295,15475,143014,4,2,29,7.2,0),(296,9748,143014,3.5,3,33,8.6,0),(297,11450,143014,3,0,34,11.3,0),(298,22901,143014,4,2,32,8,0),(299,22531,143014,3,2,16,5.3,0),(300,22891,143014,1,0,5,5,0),(301,10449,143014,4,1,25,6.2,0),(302,10451,143014,4,0,24,6,0),(303,18143,143014,4,4,25,6.2,1),(304,12769,143014,4,0,31,7.8,0),(305,11124,143014,3,1,27,9,0),(306,1114,143014,1,0,4,4,0),(307,15475,143033,4,2,29,7.2,0),(308,9748,143033,3.5,3,33,8.6,0),(309,11450,143033,3,0,34,11.3,0),(310,22901,143033,4,2,32,8,0),(311,22531,143033,3,2,16,5.3,0),(312,22891,143033,1,0,5,5,0),(313,10449,143033,4,1,25,6.2,0),(314,10451,143033,4,0,24,6,0),(315,18143,143033,4,4,25,6.2,1),(316,12769,143033,4,0,31,7.8,0),(317,11124,143033,3,1,27,9,0),(318,1114,143033,1,0,4,4,0),(319,15475,148404,4,2,29,7.2,0),(320,9748,148404,3.5,3,33,8.6,0),(321,11450,148404,3,0,34,11.3,0),(322,22901,148404,4,2,32,8,0),(323,22531,148404,3,2,16,5.3,0),(324,22891,148404,1,0,5,5,0),(325,10449,148404,4,1,25,6.2,0),(326,10451,148404,4,0,24,6,0),(327,18143,148404,4,4,25,6.2,1),(328,12769,148404,4,0,31,7.8,0),(329,11124,148404,3,1,27,9,0),(330,1114,148404,1,0,4,4,0),(331,15475,148415,4,2,29,7.2,0),(332,9748,148415,3.5,3,33,8.6,0),(333,11450,148415,3,0,34,11.3,0),(334,22901,148415,4,2,32,8,0),(335,22531,148415,3,2,16,5.3,0),(336,22891,148415,1,0,5,5,0),(337,10449,148415,4,1,25,6.2,0),(338,10451,148415,4,0,24,6,0),(339,18143,148415,4,4,25,6.2,1),(340,12769,148415,4,0,31,7.8,0),(341,11124,148415,3,1,27,9,0),(342,1114,148415,1,0,4,4,0),(343,15475,150623,4,2,29,7.2,0),(344,9748,150623,3.5,3,33,8.6,0),(345,11450,150623,3,0,34,11.3,0),(346,22901,150623,4,2,32,8,0),(347,22531,150623,3,2,16,5.3,0),(348,22891,150623,1,0,5,5,0),(349,10449,150623,4,1,25,6.2,0),(350,10451,150623,4,0,24,6,0),(351,18143,150623,4,4,25,6.2,1),(352,12769,150623,4,0,31,7.8,0),(353,11124,150623,3,1,27,9,0),(354,1114,150623,1,0,4,4,0),(355,15475,150630,4,2,29,7.2,0),(356,9748,150630,3.5,3,33,8.6,0),(357,11450,150630,3,0,34,11.3,0),(358,22901,150630,4,2,32,8,0),(359,22531,150630,3,2,16,5.3,0),(360,22891,150630,1,0,5,5,0),(361,10449,150630,4,1,25,6.2,0),(362,10451,150630,4,0,24,6,0),(363,18143,150630,4,4,25,6.2,1),(364,12769,150630,4,0,31,7.8,0),(365,11124,150630,3,1,27,9,0),(366,1114,150630,1,0,4,4,0),(367,15475,40381,4,2,29,7.2,0),(368,9748,40381,3.5,3,33,8.6,0),(369,11450,40381,3,0,34,11.3,0),(370,22901,40381,4,2,32,8,0),(371,22531,40381,3,2,16,5.3,0),(372,22891,40381,1,0,5,5,0),(373,10449,40381,4,1,25,6.2,0),(374,10451,40381,4,0,24,6,0),(375,18143,40381,4,4,25,6.2,1),(376,12769,40381,4,0,31,7.8,0),(377,11124,40381,3,1,27,9,0),(378,1114,40381,1,0,4,4,0),(379,15475,121824,4,2,29,7.2,0),(380,9748,121824,3.5,3,33,8.6,0),(381,11450,121824,3,0,34,11.3,0),(382,22901,121824,4,2,32,8,0),(383,22531,121824,3,2,16,5.3,0),(384,22891,121824,1,0,5,5,0),(385,10449,121824,4,1,25,6.2,0),(386,10451,121824,4,0,24,6,0),(387,18143,121824,4,4,25,6.2,1),(388,12769,121824,4,0,31,7.8,0),(389,11124,121824,3,1,27,9,0),(390,1114,121824,1,0,4,4,0),(391,15475,121835,4,2,29,7.2,0),(392,9748,121835,3.5,3,33,8.6,0),(393,11450,121835,3,0,34,11.3,0),(394,22901,121835,4,2,32,8,0),(395,22531,121835,3,2,16,5.3,0),(396,22891,121835,1,0,5,5,0),(397,10449,121835,4,1,25,6.2,0),(398,10451,121835,4,0,24,6,0),(399,18143,121835,4,4,25,6.2,1),(400,12769,121835,4,0,31,7.8,0),(401,11124,121835,3,1,27,9,0),(402,1114,121835,1,0,4,4,0),(403,15475,121840,4,2,29,7.2,0),(404,9748,121840,3.5,3,33,8.6,0),(405,11450,121840,3,0,34,11.3,0),(406,22901,121840,4,2,32,8,0),(407,22531,121840,3,2,16,5.3,0),(408,22891,121840,1,0,5,5,0),(409,10449,121840,4,1,25,6.2,0),(410,10451,121840,4,0,24,6,0),(411,18143,121840,4,4,25,6.2,1),(412,12769,121840,4,0,31,7.8,0),(413,11124,121840,3,1,27,9,0),(414,1114,121840,1,0,4,4,0),(415,15475,121846,4,2,29,7.2,0),(416,9748,121846,3.5,3,33,8.6,0),(417,11450,121846,3,0,34,11.3,0),(418,22901,121846,4,2,32,8,0),(419,22531,121846,3,2,16,5.3,0),(420,22891,121846,1,0,5,5,0),(421,10449,121846,4,1,25,6.2,0),(422,10451,121846,4,0,24,6,0),(423,18143,121846,4,4,25,6.2,1),(424,12769,121846,4,0,31,7.8,0),(425,11124,121846,3,1,27,9,0),(426,1114,121846,1,0,4,4,0),(427,15475,121857,4,2,29,7.2,0),(428,9748,121857,3.5,3,33,8.6,0),(429,11450,121857,3,0,34,11.3,0),(430,22901,121857,4,2,32,8,0),(431,22531,121857,3,2,16,5.3,0),(432,22891,121857,1,0,5,5,0),(433,10449,121857,4,1,25,6.2,0),(434,10451,121857,4,0,24,6,0),(435,18143,121857,4,4,25,6.2,1),(436,12769,121857,4,0,31,7.8,0),(437,11124,121857,3,1,27,9,0),(438,1114,121857,1,0,4,4,0),(439,15475,121868,4,2,29,7.2,0),(440,9748,121868,3.5,3,33,8.6,0),(441,11450,121868,3,0,34,11.3,0),(442,22901,121868,4,2,32,8,0),(443,22531,121868,3,2,16,5.3,0),(444,22891,121868,1,0,5,5,0),(445,10449,121868,4,1,25,6.2,0),(446,10451,121868,4,0,24,6,0),(447,18143,121868,4,4,25,6.2,1),(448,12769,121868,4,0,31,7.8,0),(449,11124,121868,3,1,27,9,0),(450,1114,121868,1,0,4,4,0),(451,15475,121873,4,2,29,7.2,0),(452,9748,121873,3.5,3,33,8.6,0),(453,11450,121873,3,0,34,11.3,0),(454,22901,121873,4,2,32,8,0),(455,22531,121873,3,2,16,5.3,0),(456,22891,121873,1,0,5,5,0),(457,10449,121873,4,1,25,6.2,0),(458,10451,121873,4,0,24,6,0),(459,18143,121873,4,4,25,6.2,1),(460,12769,121873,4,0,31,7.8,0),(461,11124,121873,3,1,27,9,0),(462,1114,121873,1,0,4,4,0),(463,15475,121879,4,2,29,7.2,0),(464,9748,121879,3.5,3,33,8.6,0),(465,11450,121879,3,0,34,11.3,0),(466,22901,121879,4,2,32,8,0),(467,22531,121879,3,2,16,5.3,0),(468,22891,121879,1,0,5,5,0),(469,10449,121879,4,1,25,6.2,0),(470,10451,121879,4,0,24,6,0),(471,18143,121879,4,4,25,6.2,1),(472,12769,121879,4,0,31,7.8,0),(473,11124,121879,3,1,27,9,0),(474,1114,121879,1,0,4,4,0),(475,15475,121890,4,2,29,7.2,0),(476,9748,121890,3.5,3,33,8.6,0),(477,11450,121890,3,0,34,11.3,0),(478,22901,121890,4,2,32,8,0),(479,22531,121890,3,2,16,5.3,0),(480,22891,121890,1,0,5,5,0),(481,10449,121890,4,1,25,6.2,0),(482,10451,121890,4,0,24,6,0),(483,18143,121890,4,4,25,6.2,1),(484,12769,121890,4,0,31,7.8,0),(485,11124,121890,3,1,27,9,0),(486,1114,121890,1,0,4,4,0),(487,15475,121901,4,2,29,7.2,0),(488,9748,121901,3.5,3,33,8.6,0),(489,11450,121901,3,0,34,11.3,0),(490,22901,121901,4,2,32,8,0),(491,22531,121901,3,2,16,5.3,0),(492,22891,121901,1,0,5,5,0),(493,10449,121901,4,1,25,6.2,0),(494,10451,121901,4,0,24,6,0),(495,18143,121901,4,4,25,6.2,1),(496,12769,121901,4,0,31,7.8,0),(497,11124,121901,3,1,27,9,0),(498,1114,121901,1,0,4,4,0),(499,15475,121912,4,2,29,7.2,0),(500,9748,121912,3.5,3,33,8.6,0),(501,11450,121912,3,0,34,11.3,0),(502,22901,121912,4,2,32,8,0),(503,22531,121912,3,2,16,5.3,0),(504,22891,121912,1,0,5,5,0),(505,10449,121912,4,1,25,6.2,0),(506,10451,121912,4,0,24,6,0),(507,18143,121912,4,4,25,6.2,1),(508,12769,121912,4,0,31,7.8,0),(509,11124,121912,3,1,27,9,0),(510,1114,121912,1,0,4,4,0),(511,15475,121923,4,2,29,7.2,0),(512,9748,121923,3.5,3,33,8.6,0),(513,11450,121923,3,0,34,11.3,0),(514,22901,121923,4,2,32,8,0),(515,22531,121923,3,2,16,5.3,0),(516,22891,121923,1,0,5,5,0),(517,10449,121923,4,1,25,6.2,0),(518,10451,121923,4,0,24,6,0),(519,18143,121923,4,4,25,6.2,1),(520,12769,121923,4,0,31,7.8,0),(521,11124,121923,3,1,27,9,0),(522,1114,121923,1,0,4,4,0),(523,15475,129563,4,2,29,7.2,0),(524,9748,129563,3.5,3,33,8.6,0),(525,11450,129563,3,0,34,11.3,0),(526,22901,129563,4,2,32,8,0),(527,22531,129563,3,2,16,5.3,0),(528,22891,129563,1,0,5,5,0),(529,10449,129563,4,1,25,6.2,0),(530,10451,129563,4,0,24,6,0),(531,18143,129563,4,4,25,6.2,1),(532,12769,129563,4,0,31,7.8,0),(533,11124,129563,3,1,27,9,0),(534,1114,129563,1,0,4,4,0),(535,15475,142349,4,2,29,7.2,0),(536,9748,142349,3.5,3,33,8.6,0),(537,11450,142349,3,0,34,11.3,0),(538,22901,142349,4,2,32,8,0),(539,22531,142349,3,2,16,5.3,0),(540,22891,142349,1,0,5,5,0),(541,10449,142349,4,1,25,6.2,0),(542,10451,142349,4,0,24,6,0),(543,18143,142349,4,4,25,6.2,1),(544,12769,142349,4,0,31,7.8,0),(545,11124,142349,3,1,27,9,0),(546,1114,142349,1,0,4,4,0),(547,15475,142360,4,2,29,7.2,0),(548,9748,142360,3.5,3,33,8.6,0),(549,11450,142360,3,0,34,11.3,0),(550,22901,142360,4,2,32,8,0),(551,22531,142360,3,2,16,5.3,0),(552,22891,142360,1,0,5,5,0),(553,10449,142360,4,1,25,6.2,0),(554,10451,142360,4,0,24,6,0),(555,18143,142360,4,4,25,6.2,1),(556,12769,142360,4,0,31,7.8,0),(557,11124,142360,3,1,27,9,0),(558,1114,142360,1,0,4,4,0),(559,15475,142362,4,2,29,7.2,0),(560,9748,142362,3.5,3,33,8.6,0),(561,11450,142362,3,0,34,11.3,0),(562,22901,142362,4,2,32,8,0),(563,22531,142362,3,2,16,5.3,0),(564,22891,142362,1,0,5,5,0),(565,10449,142362,4,1,25,6.2,0),(566,10451,142362,4,0,24,6,0),(567,18143,142362,4,4,25,6.2,1),(568,12769,142362,4,0,31,7.8,0),(569,11124,142362,3,1,27,9,0),(570,1114,142362,1,0,4,4,0),(571,15475,142365,4,2,29,7.2,0),(572,9748,142365,3.5,3,33,8.6,0),(573,11450,142365,3,0,34,11.3,0),(574,22901,142365,4,2,32,8,0),(575,22531,142365,3,2,16,5.3,0),(576,22891,142365,1,0,5,5,0),(577,10449,142365,4,1,25,6.2,0),(578,10451,142365,4,0,24,6,0),(579,18143,142365,4,4,25,6.2,1),(580,12769,142365,4,0,31,7.8,0),(581,11124,142365,3,1,27,9,0),(582,1114,142365,1,0,4,4,0),(583,15475,142376,4,2,29,7.2,0),(584,9748,142376,3.5,3,33,8.6,0),(585,11450,142376,3,0,34,11.3,0),(586,22901,142376,4,2,32,8,0),(587,22531,142376,3,2,16,5.3,0),(588,22891,142376,1,0,5,5,0),(589,10449,142376,4,1,25,6.2,0),(590,10451,142376,4,0,24,6,0),(591,18143,142376,4,4,25,6.2,1),(592,12769,142376,4,0,31,7.8,0),(593,11124,142376,3,1,27,9,0),(594,1114,142376,1,0,4,4,0),(595,15475,142387,4,2,29,7.2,0),(596,9748,142387,3.5,3,33,8.6,0),(597,11450,142387,3,0,34,11.3,0),(598,22901,142387,4,2,32,8,0),(599,22531,142387,3,2,16,5.3,0),(600,22891,142387,1,0,5,5,0),(601,10449,142387,4,1,25,6.2,0),(602,10451,142387,4,0,24,6,0),(603,18143,142387,4,4,25,6.2,1),(604,12769,142387,4,0,31,7.8,0),(605,11124,142387,3,1,27,9,0),(606,1114,142387,1,0,4,4,0),(607,15475,142409,4,2,29,7.2,0),(608,9748,142409,3.5,3,33,8.6,0),(609,11450,142409,3,0,34,11.3,0),(610,22901,142409,4,2,32,8,0),(611,22531,142409,3,2,16,5.3,0),(612,22891,142409,1,0,5,5,0),(613,10449,142409,4,1,25,6.2,0),(614,10451,142409,4,0,24,6,0),(615,18143,142409,4,4,25,6.2,1),(616,12769,142409,4,0,31,7.8,0),(617,11124,142409,3,1,27,9,0),(618,1114,142409,1,0,4,4,0),(619,15475,142989,4,2,29,7.2,0),(620,9748,142989,3.5,3,33,8.6,0),(621,11450,142989,3,0,34,11.3,0),(622,22901,142989,4,2,32,8,0),(623,22531,142989,3,2,16,5.3,0),(624,22891,142989,1,0,5,5,0),(625,10449,142989,4,1,25,6.2,0),(626,10451,142989,4,0,24,6,0),(627,18143,142989,4,4,25,6.2,1),(628,12769,142989,4,0,31,7.8,0),(629,11124,142989,3,1,27,9,0),(630,1114,142989,1,0,4,4,0),(631,15475,143000,4,2,29,7.2,0),(632,9748,143000,3.5,3,33,8.6,0),(633,11450,143000,3,0,34,11.3,0),(634,22901,143000,4,2,32,8,0),(635,22531,143000,3,2,16,5.3,0),(636,22891,143000,1,0,5,5,0),(637,10449,143000,4,1,25,6.2,0),(638,10451,143000,4,0,24,6,0),(639,18143,143000,4,4,25,6.2,1),(640,12769,143000,4,0,31,7.8,0),(641,11124,143000,3,1,27,9,0),(642,1114,143000,1,0,4,4,0),(643,15475,143003,4,2,29,7.2,0),(644,9748,143003,3.5,3,33,8.6,0),(645,11450,143003,3,0,34,11.3,0),(646,22901,143003,4,2,32,8,0),(647,22531,143003,3,2,16,5.3,0),(648,22891,143003,1,0,5,5,0),(649,10449,143003,4,1,25,6.2,0),(650,10451,143003,4,0,24,6,0),(651,18143,143003,4,4,25,6.2,1),(652,12769,143003,4,0,31,7.8,0),(653,11124,143003,3,1,27,9,0),(654,1114,143003,1,0,4,4,0),(655,15475,143014,4,2,29,7.2,0),(656,9748,143014,3.5,3,33,8.6,0),(657,11450,143014,3,0,34,11.3,0),(658,22901,143014,4,2,32,8,0),(659,22531,143014,3,2,16,5.3,0),(660,22891,143014,1,0,5,5,0),(661,10449,143014,4,1,25,6.2,0),(662,10451,143014,4,0,24,6,0),(663,18143,143014,4,4,25,6.2,1),(664,12769,143014,4,0,31,7.8,0),(665,11124,143014,3,1,27,9,0),(666,1114,143014,1,0,4,4,0),(667,15475,143033,4,2,29,7.2,0),(668,9748,143033,3.5,3,33,8.6,0),(669,11450,143033,3,0,34,11.3,0),(670,22901,143033,4,2,32,8,0),(671,22531,143033,3,2,16,5.3,0),(672,22891,143033,1,0,5,5,0),(673,10449,143033,4,1,25,6.2,0),(674,10451,143033,4,0,24,6,0),(675,18143,143033,4,4,25,6.2,1),(676,12769,143033,4,0,31,7.8,0),(677,11124,143033,3,1,27,9,0),(678,1114,143033,1,0,4,4,0),(679,15475,148404,4,2,29,7.2,0),(680,9748,148404,3.5,3,33,8.6,0),(681,11450,148404,3,0,34,11.3,0),(682,22901,148404,4,2,32,8,0),(683,22531,148404,3,2,16,5.3,0),(684,22891,148404,1,0,5,5,0),(685,10449,148404,4,1,25,6.2,0),(686,10451,148404,4,0,24,6,0),(687,18143,148404,4,4,25,6.2,1),(688,12769,148404,4,0,31,7.8,0),(689,11124,148404,3,1,27,9,0),(690,1114,148404,1,0,4,4,0),(691,15475,148415,4,2,29,7.2,0),(692,9748,148415,3.5,3,33,8.6,0),(693,11450,148415,3,0,34,11.3,0),(694,22901,148415,4,2,32,8,0),(695,22531,148415,3,2,16,5.3,0),(696,22891,148415,1,0,5,5,0),(697,10449,148415,4,1,25,6.2,0),(698,10451,148415,4,0,24,6,0),(699,18143,148415,4,4,25,6.2,1),(700,12769,148415,4,0,31,7.8,0),(701,11124,148415,3,1,27,9,0),(702,1114,148415,1,0,4,4,0),(703,15475,150623,4,2,29,7.2,0),(704,9748,150623,3.5,3,33,8.6,0),(705,11450,150623,3,0,34,11.3,0),(706,22901,150623,4,2,32,8,0),(707,22531,150623,3,2,16,5.3,0),(708,22891,150623,1,0,5,5,0),(709,10449,150623,4,1,25,6.2,0),(710,10451,150623,4,0,24,6,0),(711,18143,150623,4,4,25,6.2,1),(712,12769,150623,4,0,31,7.8,0),(713,11124,150623,3,1,27,9,0),(714,1114,150623,1,0,4,4,0),(715,15475,150630,4,2,29,7.2,0),(716,9748,150630,3.5,3,33,8.6,0),(717,11450,150630,3,0,34,11.3,0),(718,22901,150630,4,2,32,8,0),(719,22531,150630,3,2,16,5.3,0),(720,22891,150630,1,0,5,5,0),(721,10449,150630,4,1,25,6.2,0),(722,10451,150630,4,0,24,6,0),(723,18143,150630,4,4,25,6.2,1),(724,12769,150630,4,0,31,7.8,0),(725,11124,150630,3,1,27,9,0),(726,1114,150630,1,0,4,4,0),(727,15475,150641,4,2,29,7.2,0),(728,9748,150641,3.5,3,33,8.6,0),(729,11450,150641,3,0,34,11.3,0),(730,22901,150641,4,2,32,8,0),(731,22531,150641,3,2,16,5.3,0),(732,22891,150641,1,0,5,5,0),(733,10449,150641,4,1,25,6.2,0),(734,10451,150641,4,0,24,6,0),(735,18143,150641,4,4,25,6.2,1),(736,12769,150641,4,0,31,7.8,0),(737,11124,150641,3,1,27,9,0),(738,1114,150641,1,0,4,4,0),(739,15475,150652,4,2,29,7.2,0),(740,9748,150652,3.5,3,33,8.6,0),(741,11450,150652,3,0,34,11.3,0),(742,22901,150652,4,2,32,8,0),(743,22531,150652,3,2,16,5.3,0),(744,22891,150652,1,0,5,5,0),(745,10449,150652,4,1,25,6.2,0),(746,10451,150652,4,0,24,6,0),(747,18143,150652,4,4,25,6.2,1),(748,12769,150652,4,0,31,7.8,0),(749,11124,150652,3,1,27,9,0),(750,1114,150652,1,0,4,4,0),(751,15475,150663,4,2,29,7.2,0),(752,9748,150663,3.5,3,33,8.6,0),(753,11450,150663,3,0,34,11.3,0),(754,22901,150663,4,2,32,8,0),(755,22531,150663,3,2,16,5.3,0),(756,22891,150663,1,0,5,5,0),(757,10449,150663,4,1,25,6.2,0),(758,10451,150663,4,0,24,6,0),(759,18143,150663,4,4,25,6.2,1),(760,12769,150663,4,0,31,7.8,0),(761,11124,150663,3,1,27,9,0),(762,1114,150663,1,0,4,4,0),(763,15475,150674,4,2,29,7.2,0),(764,9748,150674,3.5,3,33,8.6,0),(765,11450,150674,3,0,34,11.3,0),(766,22901,150674,4,2,32,8,0),(767,22531,150674,3,2,16,5.3,0),(768,22891,150674,1,0,5,5,0),(769,10449,150674,4,1,25,6.2,0),(770,10451,150674,4,0,24,6,0),(771,18143,150674,4,4,25,6.2,1),(772,12769,150674,4,0,31,7.8,0),(773,11124,150674,3,1,27,9,0),(774,1114,150674,1,0,4,4,0),(775,15475,150679,4,2,29,7.2,0),(776,9748,150679,3.5,3,33,8.6,0),(777,11450,150679,3,0,34,11.3,0),(778,22901,150679,4,2,32,8,0),(779,22531,150679,3,2,16,5.3,0),(780,22891,150679,1,0,5,5,0),(781,10449,150679,4,1,25,6.2,0),(782,10451,150679,4,0,24,6,0),(783,18143,150679,4,4,25,6.2,1),(784,12769,150679,4,0,31,7.8,0),(785,11124,150679,3,1,27,9,0),(786,1114,150679,1,0,4,4,0),(787,15475,152405,4,2,29,7.2,0),(788,9748,152405,3.5,3,33,8.6,0),(789,11450,152405,3,0,34,11.3,0),(790,22901,152405,4,2,32,8,0),(791,22531,152405,3,2,16,5.3,0),(792,22891,152405,1,0,5,5,0),(793,10449,152405,4,1,25,6.2,0),(794,10451,152405,4,0,24,6,0),(795,18143,152405,4,4,25,6.2,1),(796,12769,152405,4,0,31,7.8,0),(797,11124,152405,3,1,27,9,0),(798,1114,152405,1,0,4,4,0),(799,15475,153750,4,2,29,7.2,0),(800,9748,153750,3.5,3,33,8.6,0),(801,11450,153750,3,0,34,11.3,0),(802,22901,153750,4,2,32,8,0),(803,22531,153750,3,2,16,5.3,0),(804,22891,153750,1,0,5,5,0),(805,10449,153750,4,1,25,6.2,0),(806,10451,153750,4,0,24,6,0),(807,18143,153750,4,4,25,6.2,1),(808,12769,153750,4,0,31,7.8,0),(809,11124,153750,3,1,27,9,0),(810,1114,153750,1,0,4,4,0),(811,15475,153761,4,2,29,7.2,0),(812,9748,153761,3.5,3,33,8.6,0),(813,11450,153761,3,0,34,11.3,0),(814,22901,153761,4,2,32,8,0),(815,22531,153761,3,2,16,5.3,0),(816,22891,153761,1,0,5,5,0),(817,10449,153761,4,1,25,6.2,0),(818,10451,153761,4,0,24,6,0),(819,18143,153761,4,4,25,6.2,1),(820,12769,153761,4,0,31,7.8,0),(821,11124,153761,3,1,27,9,0),(822,1114,153761,1,0,4,4,0),(823,15475,153772,4,2,29,7.2,0),(824,9748,153772,3.5,3,33,8.6,0),(825,11450,153772,3,0,34,11.3,0),(826,22901,153772,4,2,32,8,0),(827,22531,153772,3,2,16,5.3,0),(828,22891,153772,1,0,5,5,0),(829,10449,153772,4,1,25,6.2,0),(830,10451,153772,4,0,24,6,0),(831,18143,153772,4,4,25,6.2,1),(832,12769,153772,4,0,31,7.8,0),(833,11124,153772,3,1,27,9,0),(834,1114,153772,1,0,4,4,0),(835,15475,155111,4,2,29,7.2,0),(836,9748,155111,3.5,3,33,8.6,0),(837,11450,155111,3,0,34,11.3,0),(838,22901,155111,4,2,32,8,0),(839,22531,155111,3,2,16,5.3,0),(840,22891,155111,1,0,5,5,0),(841,10449,155111,4,1,25,6.2,0),(842,10451,155111,4,0,24,6,0),(843,18143,155111,4,4,25,6.2,1),(844,12769,155111,4,0,31,7.8,0),(845,11124,155111,3,1,27,9,0),(846,1114,155111,1,0,4,4,0),(847,15475,156146,4,2,29,7.2,0),(848,9748,156146,3.5,3,33,8.6,0),(849,11450,156146,3,0,34,11.3,0),(850,22901,156146,4,2,32,8,0),(851,22531,156146,3,2,16,5.3,0),(852,22891,156146,1,0,5,5,0),(853,10449,156146,4,1,25,6.2,0),(854,10451,156146,4,0,24,6,0),(855,18143,156146,4,4,25,6.2,1),(856,12769,156146,4,0,31,7.8,0),(857,11124,156146,3,1,27,9,0),(858,1114,156146,1,0,4,4,0),(859,15475,156157,4,2,29,7.2,0),(860,9748,156157,3.5,3,33,8.6,0),(861,11450,156157,3,0,34,11.3,0),(862,22901,156157,4,2,32,8,0),(863,22531,156157,3,2,16,5.3,0),(864,22891,156157,1,0,5,5,0),(865,10449,156157,4,1,25,6.2,0),(866,10451,156157,4,0,24,6,0),(867,18143,156157,4,4,25,6.2,1),(868,12769,156157,4,0,31,7.8,0),(869,11124,156157,3,1,27,9,0),(870,1114,156157,1,0,4,4,0),(871,15475,156168,4,2,29,7.2,0),(872,9748,156168,3.5,3,33,8.6,0),(873,11450,156168,3,0,34,11.3,0),(874,22901,156168,4,2,32,8,0),(875,22531,156168,3,2,16,5.3,0),(876,22891,156168,1,0,5,5,0),(877,10449,156168,4,1,25,6.2,0),(878,10451,156168,4,0,24,6,0),(879,18143,156168,4,4,25,6.2,1),(880,12769,156168,4,0,31,7.8,0),(881,11124,156168,3,1,27,9,0),(882,1114,156168,1,0,4,4,0),(883,15475,156179,4,2,29,7.2,0),(884,9748,156179,3.5,3,33,8.6,0),(885,11450,156179,3,0,34,11.3,0),(886,22901,156179,4,2,32,8,0),(887,22531,156179,3,2,16,5.3,0),(888,22891,156179,1,0,5,5,0),(889,10449,156179,4,1,25,6.2,0),(890,10451,156179,4,0,24,6,0),(891,18143,156179,4,4,25,6.2,1),(892,12769,156179,4,0,31,7.8,0),(893,11124,156179,3,1,27,9,0),(894,1114,156179,1,0,4,4,0),(895,15475,159963,4,2,29,7.2,0),(896,9748,159963,3.5,3,33,8.6,0),(897,11450,159963,3,0,34,11.3,0),(898,22901,159963,4,2,32,8,0),(899,22531,159963,3,2,16,5.3,0),(900,22891,159963,1,0,5,5,0),(901,10449,159963,4,1,25,6.2,0),(902,10451,159963,4,0,24,6,0),(903,18143,159963,4,4,25,6.2,1),(904,12769,159963,4,0,31,7.8,0),(905,11124,159963,3,1,27,9,0),(906,1114,159963,1,0,4,4,0),(907,15475,160090,4,2,29,7.2,0),(908,9748,160090,3.5,3,33,8.6,0),(909,11450,160090,3,0,34,11.3,0),(910,22901,160090,4,2,32,8,0),(911,22531,160090,3,2,16,5.3,0),(912,22891,160090,1,0,5,5,0),(913,10449,160090,4,1,25,6.2,0),(914,10451,160090,4,0,24,6,0),(915,18143,160090,4,4,25,6.2,1),(916,12769,160090,4,0,31,7.8,0),(917,11124,160090,3,1,27,9,0),(918,1114,160090,1,0,4,4,0),(919,15475,160101,4,2,29,7.2,0),(920,9748,160101,3.5,3,33,8.6,0),(921,11450,160101,3,0,34,11.3,0),(922,22901,160101,4,2,32,8,0),(923,22531,160101,3,2,16,5.3,0),(924,22891,160101,1,0,5,5,0),(925,10449,160101,4,1,25,6.2,0),(926,10451,160101,4,0,24,6,0),(927,18143,160101,4,4,25,6.2,1),(928,12769,160101,4,0,31,7.8,0),(929,11124,160101,3,1,27,9,0),(930,1114,160101,1,0,4,4,0),(931,15475,160108,4,2,29,7.2,0),(932,9748,160108,3.5,3,33,8.6,0),(933,11450,160108,3,0,34,11.3,0),(934,22901,160108,4,2,32,8,0),(935,22531,160108,3,2,16,5.3,0),(936,22891,160108,1,0,5,5,0),(937,10449,160108,4,1,25,6.2,0),(938,10451,160108,4,0,24,6,0),(939,18143,160108,4,4,25,6.2,1),(940,12769,160108,4,0,31,7.8,0),(941,11124,160108,3,1,27,9,0),(942,1114,160108,1,0,4,4,0),(943,15475,160119,4,2,29,7.2,0),(944,9748,160119,3.5,3,33,8.6,0),(945,11450,160119,3,0,34,11.3,0),(946,22901,160119,4,2,32,8,0),(947,22531,160119,3,2,16,5.3,0),(948,22891,160119,1,0,5,5,0),(949,10449,160119,4,1,25,6.2,0),(950,10451,160119,4,0,24,6,0),(951,18143,160119,4,4,25,6.2,1),(952,12769,160119,4,0,31,7.8,0),(953,11124,160119,3,1,27,9,0),(954,1114,160119,1,0,4,4,0),(955,15475,160130,4,2,29,7.2,0),(956,9748,160130,3.5,3,33,8.6,0),(957,11450,160130,3,0,34,11.3,0),(958,22901,160130,4,2,32,8,0),(959,22531,160130,3,2,16,5.3,0),(960,22891,160130,1,0,5,5,0),(961,10449,160130,4,1,25,6.2,0),(962,10451,160130,4,0,24,6,0),(963,18143,160130,4,4,25,6.2,1),(964,12769,160130,4,0,31,7.8,0),(965,11124,160130,3,1,27,9,0),(966,1114,160130,1,0,4,4,0),(967,15475,160141,4,2,29,7.2,0),(968,9748,160141,3.5,3,33,8.6,0),(969,11450,160141,3,0,34,11.3,0),(970,22901,160141,4,2,32,8,0),(971,22531,160141,3,2,16,5.3,0),(972,22891,160141,1,0,5,5,0),(973,10449,160141,4,1,25,6.2,0),(974,10451,160141,4,0,24,6,0),(975,18143,160141,4,4,25,6.2,1),(976,12769,160141,4,0,31,7.8,0),(977,11124,160141,3,1,27,9,0),(978,1114,160141,1,0,4,4,0),(979,15475,160215,4,2,29,7.2,0),(980,9748,160215,3.5,3,33,8.6,0),(981,11450,160215,3,0,34,11.3,0),(982,22901,160215,4,2,32,8,0),(983,22531,160215,3,2,16,5.3,0),(984,22891,160215,1,0,5,5,0),(985,10449,160215,4,1,25,6.2,0),(986,10451,160215,4,0,24,6,0),(987,18143,160215,4,4,25,6.2,1),(988,12769,160215,4,0,31,7.8,0),(989,11124,160215,3,1,27,9,0),(990,1114,160215,1,0,4,4,0),(991,15475,160218,4,2,29,7.2,0),(992,9748,160218,3.5,3,33,8.6,0),(993,11450,160218,3,0,34,11.3,0),(994,22901,160218,4,2,32,8,0),(995,22531,160218,3,2,16,5.3,0),(996,22891,160218,1,0,5,5,0),(997,10449,160218,4,1,25,6.2,0),(998,10451,160218,4,0,24,6,0),(999,18143,160218,4,4,25,6.2,1),(1000,12769,160218,4,0,31,7.8,0),(1001,11124,160218,3,1,27,9,0),(1002,1114,160218,1,0,4,4,0),(1003,15475,160229,4,2,29,7.2,0),(1004,9748,160229,3.5,3,33,8.6,0),(1005,11450,160229,3,0,34,11.3,0),(1006,22901,160229,4,2,32,8,0),(1007,22531,160229,3,2,16,5.3,0),(1008,22891,160229,1,0,5,5,0),(1009,10449,160229,4,1,25,6.2,0),(1010,10451,160229,4,0,24,6,0),(1011,18143,160229,4,4,25,6.2,1),(1012,12769,160229,4,0,31,7.8,0),(1013,11124,160229,3,1,27,9,0),(1014,1114,160229,1,0,4,4,0),(1015,15475,160240,4,2,29,7.2,0),(1016,9748,160240,3.5,3,33,8.6,0),(1017,11450,160240,3,0,34,11.3,0),(1018,22901,160240,4,2,32,8,0),(1019,22531,160240,3,2,16,5.3,0),(1020,22891,160240,1,0,5,5,0),(1021,10449,160240,4,1,25,6.2,0),(1022,10451,160240,4,0,24,6,0),(1023,18143,160240,4,4,25,6.2,1),(1024,12769,160240,4,0,31,7.8,0),(1025,11124,160240,3,1,27,9,0),(1026,1114,160240,1,0,4,4,0),(1027,15475,160625,4,2,29,7.2,0),(1028,9748,160625,3.5,3,33,8.6,0),(1029,11450,160625,3,0,34,11.3,0),(1030,22901,160625,4,2,32,8,0),(1031,22531,160625,3,2,16,5.3,0),(1032,22891,160625,1,0,5,5,0),(1033,10449,160625,4,1,25,6.2,0),(1034,10451,160625,4,0,24,6,0),(1035,18143,160625,4,4,25,6.2,1),(1036,12769,160625,4,0,31,7.8,0),(1037,11124,160625,3,1,27,9,0),(1038,1114,160625,1,0,4,4,0),(1039,15475,160636,4,2,29,7.2,0),(1040,9748,160636,3.5,3,33,8.6,0),(1041,11450,160636,3,0,34,11.3,0),(1042,22901,160636,4,2,32,8,0),(1043,22531,160636,3,2,16,5.3,0),(1044,22891,160636,1,0,5,5,0),(1045,10449,160636,4,1,25,6.2,0),(1046,10451,160636,4,0,24,6,0),(1047,18143,160636,4,4,25,6.2,1),(1048,12769,160636,4,0,31,7.8,0),(1049,11124,160636,3,1,27,9,0),(1050,1114,160636,1,0,4,4,0),(1051,15475,160640,4,2,29,7.2,0),(1052,9748,160640,3.5,3,33,8.6,0),(1053,11450,160640,3,0,34,11.3,0),(1054,22901,160640,4,2,32,8,0),(1055,22531,160640,3,2,16,5.3,0),(1056,22891,160640,1,0,5,5,0),(1057,10449,160640,4,1,25,6.2,0),(1058,10451,160640,4,0,24,6,0),(1059,18143,160640,4,4,25,6.2,1),(1060,12769,160640,4,0,31,7.8,0),(1061,11124,160640,3,1,27,9,0),(1062,1114,160640,1,0,4,4,0),(1063,15475,160651,4,2,29,7.2,0),(1064,9748,160651,3.5,3,33,8.6,0),(1065,11450,160651,3,0,34,11.3,0),(1066,22901,160651,4,2,32,8,0),(1067,22531,160651,3,2,16,5.3,0),(1068,22891,160651,1,0,5,5,0),(1069,10449,160651,4,1,25,6.2,0),(1070,10451,160651,4,0,24,6,0),(1071,18143,160651,4,4,25,6.2,1),(1072,12769,160651,4,0,31,7.8,0),(1073,11124,160651,3,1,27,9,0),(1074,1114,160651,1,0,4,4,0),(1075,15475,160662,4,2,29,7.2,0),(1076,9748,160662,3.5,3,33,8.6,0),(1077,11450,160662,3,0,34,11.3,0),(1078,22901,160662,4,2,32,8,0),(1079,22531,160662,3,2,16,5.3,0),(1080,22891,160662,1,0,5,5,0),(1081,10449,160662,4,1,25,6.2,0),(1082,10451,160662,4,0,24,6,0),(1083,18143,160662,4,4,25,6.2,1),(1084,12769,160662,4,0,31,7.8,0),(1085,11124,160662,3,1,27,9,0),(1086,1114,160662,1,0,4,4,0),(1087,15475,160673,4,2,29,7.2,0),(1088,9748,160673,3.5,3,33,8.6,0),(1089,11450,160673,3,0,34,11.3,0),(1090,22901,160673,4,2,32,8,0),(1091,22531,160673,3,2,16,5.3,0),(1092,22891,160673,1,0,5,5,0),(1093,10449,160673,4,1,25,6.2,0),(1094,10451,160673,4,0,24,6,0),(1095,18143,160673,4,4,25,6.2,1),(1096,12769,160673,4,0,31,7.8,0),(1097,11124,160673,3,1,27,9,0),(1098,1114,160673,1,0,4,4,0),(1099,15475,160678,4,2,29,7.2,0),(1100,9748,160678,3.5,3,33,8.6,0),(1101,11450,160678,3,0,34,11.3,0),(1102,22901,160678,4,2,32,8,0),(1103,22531,160678,3,2,16,5.3,0),(1104,22891,160678,1,0,5,5,0),(1105,10449,160678,4,1,25,6.2,0),(1106,10451,160678,4,0,24,6,0),(1107,18143,160678,4,4,25,6.2,1),(1108,12769,160678,4,0,31,7.8,0),(1109,11124,160678,3,1,27,9,0),(1110,1114,160678,1,0,4,4,0);
/*!40000 ALTER TABLE `bowling_stats` ENABLE KEYS */;
UNLOCK TABLES;

--
-- Table structure for table `matches`
--

DROP TABLE IF EXISTS `matches`;
/*!40101 SET @saved_cs_client     = @@character_set_client */;
/*!50503 SET character_set_client = utf8mb4 */;
CREATE TABLE `matches` (
  `match_id` bigint NOT NULL,
  `series_name` varchar(200) DEFAULT NULL,
  `match_desc` varchar(100) DEFAULT NULL,
  `match_format` varchar(20) DEFAULT NULL,
  `team1` varchar(100) DEFAULT NULL,
  `team2` varchar(100) DEFAULT NULL,
  `venue` varchar(150) DEFAULT NULL,
  `city` varchar(100) DEFAULT NULL,
  `status` varchar(200) DEFAULT NULL,
  `start_date` bigint DEFAULT NULL,
  PRIMARY KEY (`match_id`)
) ENGINE=InnoDB DEFAULT CHARSET=utf8mb4 COLLATE=utf8mb4_0900_ai_ci;
/*!40101 SET character_set_client = @saved_cs_client */;

--
-- Dumping data for table `matches`
--

LOCK TABLES `matches` WRITE;
/*!40000 ALTER TABLE `matches` DISABLE KEYS */;
INSERT INTO `matches` VALUES (40381,'Demo Series','Demo Match','T20','Team A','Team B','Demo Venue','Demo City','Completed',0),(121824,'ICC Women\'s T20 World Cup 2026','7th Match, Group B','T20','New Zealand Women','Sri Lanka Women','The Rose Bowl','Southampton','Sri Lanka Women won by 5 wkts',1781616600000),(121835,'ICC Women\'s T20 World Cup 2026','8th Match, Group B','T20','Ireland Women','England Women','The Rose Bowl','Southampton','England Women won by 4 wkts',1781631000000),(121840,'ICC Women\'s T20 World Cup 2026','9th Match, Group A','T20','Bangladesh Women','Australia Women','Headingley','Leeds','Australia Women won by 9 wkts',1781688600000),(121846,'ICC Women\'s T20 World Cup 2026','10th Match, Group A','T20','India Women','Netherlands Women','Headingley','Leeds','India Women won by 95 runs',1781703000000),(121857,'ICC Women\'s T20 World Cup 2026','11th Match, Group A','T20','Pakistan Women','South Africa Women','Edgbaston','Birmingham','South Africa Women won by 2 wkts',1781717400000),(121868,'ICC Women\'s T20 World Cup 2026','12th Match, Group B','T20','West Indies Women','Scotland Women','Headingley','Leeds','West Indies Women won by 7 runs',1781803800000),(121873,'ICC Women\'s T20 World Cup 2026','13th Match, Group B','T20','New Zealand Women','Ireland Women','The Rose Bowl','Southampton','New Zealand Women won by 4 runs',1781890200000),(121879,'ICC Women\'s T20 World Cup 2026','14th Match, Group A','T20','Australia Women','Netherlands Women','The Rose Bowl','Southampton','Australia Women won by 98 runs',1781947800000),(121890,'ICC Women\'s T20 World Cup 2026','15th Match, Group A','T20','Bangladesh Women','Pakistan Women','The Rose Bowl','Southampton','Bangladesh Women won by 23 runs',1781962200000),(121901,'ICC Women\'s T20 World Cup 2026','16th Match, Group B','T20','England Women','Scotland Women','Headingley','Leeds','England Women won by 38 runs',1781976600000),(121912,'ICC Women\'s T20 World Cup 2026','17th Match, Group B','T20','Sri Lanka Women','West Indies Women','County Ground','Bristol','West Indies Women won by 5 wkts',1782034200000),(121923,'ICC Women\'s T20 World Cup 2026','18th Match, Group A','T20','India Women','South Africa Women','Emirates Old Trafford','Manchester','South Africa Women won by 6 wkts',1782048600000),(129563,'New Zealand tour of England, 2026','2nd Test','TEST','New Zealand','England','Kennington Oval','London','New Zealand won by 253 runs',1781690400000),(142349,'County Championship Division One 2026','32nd Match','TEST','Yorkshire','Warwickshire','North Marine Road Ground','Scarborough','Match drawn',1781258400000),(142360,'County Championship Division One 2026','33rd Match','TEST','Essex','Leicestershire','Grace Road','Leicester','Essex won by 6 wkts',1781258400000),(142362,'County Championship Division One 2026','34th Match','TEST','Glamorgan','Sussex','County Ground','Hove','Sussex won by an innings and 98 runs',1781258400000),(142365,'County Championship Division One 2026','35th Match','TEST','Somerset','Nottinghamshire','Trent Bridge','Nottingham','Somerset won by 306 runs',1781258400000),(142376,'County Championship Division One 2026','36th Match','TEST','Essex','Nottinghamshire','County Ground','Chelmsford','Nottinghamshire won by an innings and 52 runs',1781863200000),(142387,'County Championship Division One 2026','37th Match','TEST','Yorkshire','Leicestershire','Grace Road','Leicester','Leicestershire won by an innings and 39 runs',1781863200000),(142409,'County Championship Division One 2026','39th Match','TEST','Hampshire','Sussex','County Ground','Hove','Hampshire won by 118 runs',1781863200000),(142989,'County Championship Division Two 2026','25th Match','TEST','Northamptonshire','Gloucestershire','County Ground','Northampton','Northamptonshire won by 7 wkts',1781258400000),(143000,'County Championship Division Two 2026','26th Match','TEST','Kent','Lancashire','Stanley Park','Blackpool','Kent won by 140 runs',1781258400000),(143003,'County Championship Division Two 2026','27th Match','TEST','Middlesex','Worcestershire','New Road','Worcester','Middlesex won by 141 runs',1781258400000),(143014,'County Championship Division Two 2026','28th Match','TEST','Durham','Derbyshire','Riverside Ground','Chester-le-Street','Durham won by an innings and 22 runs',1781258400000),(143033,'County Championship Division Two 2026','30th Match','TEST','Lancashire','Derbyshire','Queen\'s Park','Chesterfield','Derbyshire won by 9 wkts',1781863200000),(148404,'Afghanistan tour of India 2026','2nd ODI','ODI','India','Afghanistan','Bharat Ratna Shri Atal Bihari Vajpayee Ekana Cricket Stadium','Lucknow','India won by 170 runs',1781683200000),(148415,'Afghanistan tour of India 2026','3rd ODI','ODI','Afghanistan','India','MA Chidambaram Stadium','Chennai','India won by 9 wkts',1781942400000),(150623,'Major League Cricket 2026','1st Match','T20','Seattle Orcas','Texas Super Kings','Grand Prairie Stadium','Dallas','Texas Super Kings won by 6 wkts',1781829000000),(150630,'Major League Cricket 2026','2nd Match','T20','San Francisco Unicorns','Los Angeles Knight Riders','Grand Prairie Stadium','Dallas','Los Angeles Knight Riders won by 7 wkts (14 Overs game due to rain)',1781901000000),(150641,'Major League Cricket 2026','3rd Match','T20','Washington Freedom','Seattle Orcas','Grand Prairie Stadium','Dallas','Seattle Orcas won by 5 wkts',1781915400000),(150652,'Major League Cricket 2026','4th Match','T20','Texas Super Kings','San Francisco Unicorns','Grand Prairie Stadium','Dallas','San Francisco Unicorns won by 7 wkts',1781987400000),(150663,'Major League Cricket 2026','5th Match','T20','Washington Freedom','MI New York','Grand Prairie Stadium','Dallas','Washington Freedom won by 30 runs',1782001800000),(150674,'Major League Cricket 2026','6th Match','T20','Los Angeles Knight Riders','Seattle Orcas','Grand Prairie Stadium','Dallas','Los Angeles Knight Riders won by 81 runs',1782073800000),(150679,'Major League Cricket 2026','7th Match','T20','Texas Super Kings','MI New York','Grand Prairie Stadium','Dallas','MI New York won by 8 wkts',1782088200000),(152405,'Sri Lanka tour of West Indies 2026','4 -Day Warm-up match','TEST','West Indies Select XI','Sri Lanka','Coolidge Cricket Ground','Antigua','West Indies Select XI won by 15 runs',1781791200000),(153750,'Australia tour of Bangladesh, 2026','1st T20I','T20','Bangladesh','Australia','Bir Sreshtho Flight Lieutenant Matiur Rahman Stadium','Chattogram','Australia won by 4 wkts',1781683200000),(153761,'Australia tour of Bangladesh, 2026','2nd T20I','T20','Australia','Bangladesh','Bir Sreshtho Flight Lieutenant Matiur Rahman Stadium','Chattogram','Australia won by 7 runs',1781856000000),(153772,'Australia tour of Bangladesh, 2026','3rd T20I','T20','Bangladesh','Australia','Bir Sreshtho Flight Lieutenant Matiur Rahman Stadium','Chattogram','Australia won by 7 wkts',1782028800000),(155111,'India A Women tour of England 2026','Unofficial 1st T20','T20','England A Women','India A Women','County Ground','Northampton','India A Women won by 5 wkts',1781976600000),(156146,'Tri Nation A Series in Sri Lanka  2026','4th Match','ODI','India A','Sri Lanka A','Rangiri Dambulla International Stadium','Dambulla','Match tied (Sri Lanka A won the Super Over) ',1781497800000),(156157,'Tri Nation A Series in Sri Lanka  2026','5th Match','ODI','India A','Afghanistan A','Rangiri Dambulla International Stadium','Dambulla','India A won by 101 runs',1781670600000),(156168,'Tri Nation A Series in Sri Lanka  2026','6th Match','ODI','Sri Lanka A','Afghanistan A','Rangiri Dambulla International Stadium','Dambulla','Sri Lanka A won by 103 runs',1781843400000),(156179,'Tri Nation A Series in Sri Lanka  2026','Final','ODI','India A','Sri Lanka A','Rangiri Dambulla International Stadium','Dambulla','India A won by 66 runs',1782016200000),(159963,'ICC Cricket World Cup League Two 2023-27','115th Match','ODI','Netherlands','Canada','Maple Leaf North-West Ground','King City','No result (due to dangerous pitch)',1781622000000),(160090,'Kwibuka Women\'s T20I Tournament, 2026','8th Match','T20','Nigeria Women','Brazil Women','Gahanga B Ground','Kigali City','Brazil Women won by 7 wkts',1781509500000),(160101,'Kwibuka Women\'s T20I Tournament, 2026','9th Match','T20','Rwanda Women','Malawi Women','Gahanga International Cricket Stadium','Kigali City','Rwanda Women won by 68 runs',1781523000000),(160108,'Kwibuka Women\'s T20I Tournament, 2026','10th Match','T20','Brazil Women','Malawi Women','Gahanga International Cricket Stadium','Kigali City','Brazil Women won by 11 runs',1781695800000),(160119,'Kwibuka Women\'s T20I Tournament, 2026','11th Match','T20','Rwanda Women','Brazil Women','Gahanga B Ground','Kigali City','Match tied (Brazil women won the Super Over)',1781767800000),(160130,'Kwibuka Women\'s T20I Tournament, 2026','12th Match','T20','Rwanda Women','Nigeria Women','Gahanga B Ground','Kigali City','Rwanda Women won by 11 runs',1781868600000),(160141,'Kwibuka Women\'s T20I Tournament, 2026','3rd Place Play off','T20','Brazil Women','Nigeria Women','Gahanga International Cricket Stadium','Kigali City','Nigeria Women won by 2 wkts',1781940600000),(160215,'Germany tour of Denmark, 2026','1st T20I','T20','Denmark','Germany','Svanholm Park','Brondby','Germany won by 2 wkts',1781789400000),(160218,'Germany tour of Denmark, 2026','2nd T20I','T20','Germany','Denmark','Svanholm Park','Brondby','Denmark won by 7 wkts',1781857800000),(160229,'Germany tour of Denmark, 2026','3rd T20I','T20','Germany','Denmark','Svanholm Park','Brondby','Denmark won by 5 wkts',1781875800000),(160240,'Germany tour of Denmark, 2026','4th T20I','T20','Germany','Denmark','Svanholm Park','Brondby','Denmark won by 5 wkts',1781946000000),(160625,'Madhya Pradesh Premier League 2026','28th Match','T20','Rewa Jaguars','Gwalior Cheetahs','Holkar Stadium','Indore','Rewa Jaguars won by 23 runs',1781515800000),(160636,'Madhya Pradesh Premier League 2026','29th Match','T20','Bhopal Leopards','Jabalpur Royal Lions','Holkar Stadium','Indore','Jabalpur Royal Lions won by 5 wkts',1781532000000),(160640,'Madhya Pradesh Premier League 2026','30th Match','T20','Indore Pink Panthers','Royal Nimar Eagles','Holkar Stadium','Indore','Royal Nimar Eagles won by 8 wkts',1781602200000),(160651,'Madhya Pradesh Premier League 2026','31st Match','T20','Jabalpur Royal Lions','Rewa Jaguars','Holkar Stadium','Indore','Rewa Jaguars won by 8 wkts',1781618400000),(160662,'Madhya Pradesh Premier League 2026','32nd Match','T20','Malwa Stallions','Bhopal Leopards','Holkar Stadium','Indore','Bhopal Leopards won by 5 wkts',1781688600000),(160673,'Madhya Pradesh Premier League 2026','33rd Match','T20','Chambal Ghariyals','Bundelkhand Bulls','Holkar Stadium','Indore','Chambal Ghariyals won by 39 runs',1781704800000),(160678,'Madhya Pradesh Premier League 2026','34th Match','T20','Indore Pink Panthers','Ujjain Falcons','Holkar Stadium','Indore','Ujjain Falcons won by 5 wkts',1781775000000),(160689,'Madhya Pradesh Premier League 2026','35th Match','T20','Jabalpur Royal Lions','Royal Nimar Eagles','Holkar Stadium','Indore','Royal Nimar Eagles won by 7 wkts',1781791200000),(160700,'Madhya Pradesh Premier League 2026','36th Match','T20','Jabalpur Royal Lions','Chambal Ghariyals','Holkar Stadium','Indore','Chambal Ghariyals won by 5 wkts',1781861400000),(160711,'Madhya Pradesh Premier League 2026','37th Match','T20','Bundelkhand Bulls','Royal Nimar Eagles','Holkar Stadium','Indore','Royal Nimar Eagles won by 4 wkts',1781877600000),(160722,'Madhya Pradesh Premier League 2026','38th Match','T20','Gwalior Cheetahs','Jabalpur Royal Lions','Holkar Stadium','Indore','Jabalpur Royal Lions won by 3 wkts',1782034200000),(160733,'Madhya Pradesh Premier League 2026','39th Match','T20','Bundelkhand Bulls','Ujjain Falcons','Holkar Stadium','Indore','Ujjain Falcons won by 4 wkts',1782050400000),(160834,'Maharaja Trophy KSCA T20 2026','1st Match','T20','Gulbarga Mystics','Kalyani Bengaluru Blasters','Srikantadatta Narasimha Raja Wadeyar Ground','Mysore','Kalyani Bengaluru Blasters won by 6 wkts',1781944200000),(160845,'Maharaja Trophy KSCA T20 2026','2nd Match','T20','Shivamogga Yodhas','Mysore Warriors','Srikantadatta Narasimha Raja Wadeyar Ground','Mysore','Shivamogga Yodhas won by 90 runs',1781962200000),(160856,'Maharaja Trophy KSCA T20 2026','3rd Match','T20','Hubli Tigers','Coastal Kings Mangaluru','Srikantadatta Narasimha Raja Wadeyar Ground','Mysore','Match abandoned without a ball bowled (With toss)',1782032400000),(160867,'Maharaja Trophy KSCA T20 2026','4th Match','T20','Kalyani Bengaluru Blasters','Shivamogga Yodhas','Srikantadatta Narasimha Raja Wadeyar Ground','Mysore','Kalyani Bengaluru Blasters won by 16 runs (DLS Method)',1782048600000),(161476,'ICC Mens T20 World Cup Americas Sub Regional Qualifier 2026','1st Match','T20','Panama','Belize','White Hill Field, Sandys Parish','Hamilton','Match abandoned due to bad weather (no toss)',1782046800000),(161487,'ICC Mens T20 World Cup Americas Sub Regional Qualifier 2026','2nd Match','T20','Bahamas','Bermuda','White Hill Field, Sandys Parish','Hamilton','No result due to rain',1782064800000),(161564,'Namibia T20I Tri-Series 2026','1st Match','T20','Nigeria','Hong Kong, China','Namibia Cricket Ground',' Windhoek','Hong Kong, China won by 8 wkts',1781784000000),(161575,'Namibia T20I Tri-Series 2026','2nd Match','T20','Hong Kong, China','Namibia','Namibia Cricket Ground',' Windhoek','Namibia won by 7 wkts',1781870400000),(161586,'Namibia T20I Tri-Series 2026','3rd Match','T20','Namibia','Nigeria','Namibia Cricket Ground',' Windhoek','Namibia won by 92 runs',1781956800000),(161597,'Namibia T20I Tri-Series 2026','4th Match','T20','Nigeria','Hong Kong, China','Namibia Cricket Ground',' Windhoek','Hong Kong, China won by 6 wkts',1782043200000),(161701,'Malta Women tour of Cyprus, 2026','1st T20I','T20','Cyprus Women','Malta Women','Happy Valley Ground','Episkopi','Cyprus Women won by 24 runs',1781767800000),(161711,'Malta Women tour of Cyprus, 2026','2nd T20I','T20','Cyprus Women','Malta Women','Happy Valley Ground','Episkopi','Cyprus Women won by 82 runs',1781785800000),(161722,'Malta Women tour of Cyprus, 2026','3rd T20I','T20','Malta Women','Cyprus Women','Happy Valley Ground','Episkopi','Cyprus Women won by 5 wkts',1781854200000),(161733,'Malta Women tour of Cyprus, 2026','4th T20I','T20','Cyprus Women','Malta Women','Happy Valley Ground','Episkopi','Cyprus Women won by 28 runs',1781872200000),(161744,'Malta Women tour of Cyprus, 2026','5th T20I','T20','Cyprus Women','Malta Women','Happy Valley Ground','Episkopi','Cyprus Women won by 51 runs',1781940600000),(161876,'Continental Cup 2026','1st Match','T20','Belgium','Romania','Moara Vlasiei Cricket Ground','Ilfov County','Belgium won by 20 runs',1781848800000),(161879,'Continental Cup 2026','2nd Match','T20','Romania','Switzerland','Moara Vlasiei Cricket Ground','Ilfov County','Switzerland won by 4 wkts',1781863200000),(161887,'Continental Cup 2026','3rd Match','T20','Hungary','Switzerland','Moara Vlasiei Cricket Ground','Ilfov County','Switzerland won by 3 wkts',1781877600000),(161890,'Continental Cup 2026','4th Match','T20','Hungary','Romania','Moara Vlasiei Cricket Ground','Ilfov County','Romania won by 5 wkts',1781935200000),(161901,'Continental Cup 2026','5th Match','T20','Belgium','Hungary','Moara Vlasiei Cricket Ground','Ilfov County','Belgium won by 10 runs',1781949600000),(161910,'Continental Cup 2026','6th Match','T20','Belgium','Switzerland','Moara Vlasiei Cricket Ground','Ilfov County','Belgium won by 16 runs',1781964000000),(161921,'Continental Cup 2026','1st semi-final','T20','Belgium','Hungary','Moara Vlasiei Cricket Ground','Ilfov County','Belgium won by 87 runs',1782021600000),(161931,'Continental Cup 2026','2nd semi-final','T20','Romania','Switzerland','Moara Vlasiei Cricket Ground','Ilfov County','Romania won by 51 runs',1782036000000),(161942,'Continental Cup 2026','Final','T20','Belgium','Romania','Moara Vlasiei Cricket Ground','Ilfov County','Belgium won by 8 runs',1782050400000);
/*!40000 ALTER TABLE `matches` ENABLE KEYS */;
UNLOCK TABLES;

--
-- Table structure for table `players`
--

DROP TABLE IF EXISTS `players`;
/*!40101 SET @saved_cs_client     = @@character_set_client */;
/*!50503 SET character_set_client = utf8mb4 */;
CREATE TABLE `players` (
  `player_id` int NOT NULL,
  `player_name` varchar(100) DEFAULT NULL,
  `country` varchar(100) DEFAULT NULL,
  `role` varchar(50) DEFAULT NULL,
  `batting_style` varchar(100) DEFAULT NULL,
  `bowling_style` varchar(100) DEFAULT NULL,
  PRIMARY KEY (`player_id`)
) ENGINE=InnoDB DEFAULT CHARSET=utf8mb4 COLLATE=utf8mb4_0900_ai_ci;
/*!40101 SET character_set_client = @saved_cs_client */;

--
-- Dumping data for table `players`
--

LOCK TABLES `players` WRITE;
/*!40000 ALTER TABLE `players` DISABLE KEYS */;
INSERT INTO `players` VALUES (1114,'Paul Stirling','Ireland','Batting Allrounder','Right Handed Bat','Right-arm offbreak'),(6471,'Shane Getkate','Ireland','Batsman','Right Handed Bat','Right-arm fast-medium'),(6710,'Andrew Balbirnie','Ireland','Batsman','Right Handed Bat','Right-arm offbreak'),(9748,'Saurabh Netravalkar','United States of America','Bowler','Right Handed Bat','Left-arm fast-medium'),(10449,'Mark Adair','Ireland','Bowler','Right Handed Bat','Right-arm fast'),(10451,'Barry McCarthy','Ireland','Bowler','Right Handed Bat','Right-arm fast-medium'),(10699,'Marty Kain','United States of America','Bowler','Left Handed Bat','Left-arm orthodox'),(11124,'Benjamin White','Ireland','Bowler','Right Handed Bat','Right-arm legbreak'),(11129,'William McClintock','Ireland','Batsman','Right Handed Bat','Right-arm medium'),(11131,'Lorcan Tucker','Ireland','WK-Batsman','Right Handed Bat',''),(11450,'Ali Khan','United States of America','Bowler','Right Handed Bat','Right-arm fast-medium'),(12769,'Simi Singh','Ireland','Batting Allrounder','Right Handed Bat','Right-arm offbreak'),(12788,'Gajanand Singh','West Indies','Batsman','Left Handed Bat','Left-arm medium'),(13309,'Neil Rock','Ireland','WK-Batsman','Left Handed Bat',''),(14732,'Monank Patel','United States of America','WK-Batsman','Right Handed Bat',''),(15475,'Nisarg Patel','United States of America','Bowling Allrounder','Right Handed Bat','Left-arm orthodox'),(18143,'Curtis Campher','Ireland','Bowling Allrounder','Right Handed Bat','Right-arm medium'),(20217,'Sushant Modani','United States of America','Batsman','Right Handed Bat','Right-arm offbreak'),(22531,'Vatsal Vaghela','United States of America','Batting Allrounder','Left Handed Bat','Left-arm orthodox'),(22891,'Ritwik Behera','United States of America','Batsman','Right Handed Bat','Right-arm offbreak'),(22896,'Ryan Scott','United States of America','Batsman','Right Handed Bat',''),(22901,'Yasir Mohammad','United States of America','Bowler','Left Handed Bat','Right-arm legbreak');
/*!40000 ALTER TABLE `players` ENABLE KEYS */;
UNLOCK TABLES;

--
-- Table structure for table `series`
--

DROP TABLE IF EXISTS `series`;
/*!40101 SET @saved_cs_client     = @@character_set_client */;
/*!50503 SET character_set_client = utf8mb4 */;
CREATE TABLE `series` (
  `series_id` int NOT NULL AUTO_INCREMENT,
  `series_name` varchar(255) DEFAULT NULL,
  PRIMARY KEY (`series_id`),
  UNIQUE KEY `series_name` (`series_name`)
) ENGINE=InnoDB AUTO_INCREMENT=21 DEFAULT CHARSET=utf8mb4 COLLATE=utf8mb4_0900_ai_ci;
/*!40101 SET character_set_client = @saved_cs_client */;

--
-- Dumping data for table `series`
--

LOCK TABLES `series` WRITE;
/*!40000 ALTER TABLE `series` DISABLE KEYS */;
INSERT INTO `series` VALUES (6,'Afghanistan tour of India 2026'),(9,'Australia tour of Bangladesh, 2026'),(20,'Continental Cup 2026'),(4,'County Championship Division One 2026'),(5,'County Championship Division Two 2026'),(1,'Demo Series'),(14,'Germany tour of Denmark, 2026'),(12,'ICC Cricket World Cup League Two 2023-27'),(17,'ICC Mens T20 World Cup Americas Sub Regional Qualifier 2026'),(2,'ICC Women\'s T20 World Cup 2026'),(10,'India A Women tour of England 2026'),(13,'Kwibuka Women\'s T20I Tournament, 2026'),(15,'Madhya Pradesh Premier League 2026'),(16,'Maharaja Trophy KSCA T20 2026'),(7,'Major League Cricket 2026'),(19,'Malta Women tour of Cyprus, 2026'),(18,'Namibia T20I Tri-Series 2026'),(3,'New Zealand tour of England, 2026'),(8,'Sri Lanka tour of West Indies 2026'),(11,'Tri Nation A Series in Sri Lanka  2026');
/*!40000 ALTER TABLE `series` ENABLE KEYS */;
UNLOCK TABLES;

--
-- Table structure for table `teams`
--

DROP TABLE IF EXISTS `teams`;
/*!40101 SET @saved_cs_client     = @@character_set_client */;
/*!50503 SET character_set_client = utf8mb4 */;
CREATE TABLE `teams` (
  `team_id` int NOT NULL,
  `team_name` varchar(100) DEFAULT NULL,
  `country` varchar(100) DEFAULT NULL,
  PRIMARY KEY (`team_id`)
) ENGINE=InnoDB DEFAULT CHARSET=utf8mb4 COLLATE=utf8mb4_0900_ai_ci;
/*!40101 SET character_set_client = @saved_cs_client */;

--
-- Dumping data for table `teams`
--

LOCK TABLES `teams` WRITE;
/*!40000 ALTER TABLE `teams` DISABLE KEYS */;
/*!40000 ALTER TABLE `teams` ENABLE KEYS */;
UNLOCK TABLES;

--
-- Table structure for table `venues`
--

DROP TABLE IF EXISTS `venues`;
/*!40101 SET @saved_cs_client     = @@character_set_client */;
/*!50503 SET character_set_client = utf8mb4 */;
CREATE TABLE `venues` (
  `venue_id` int NOT NULL AUTO_INCREMENT,
  `venue_name` varchar(150) DEFAULT NULL,
  `city` varchar(100) DEFAULT NULL,
  `country` varchar(100) DEFAULT NULL,
  `capacity` int DEFAULT NULL,
  PRIMARY KEY (`venue_id`)
) ENGINE=InnoDB AUTO_INCREMENT=34 DEFAULT CHARSET=utf8mb4 COLLATE=utf8mb4_0900_ai_ci;
/*!40101 SET character_set_client = @saved_cs_client */;

--
-- Dumping data for table `venues`
--

LOCK TABLES `venues` WRITE;
/*!40000 ALTER TABLE `venues` DISABLE KEYS */;
INSERT INTO `venues` VALUES (1,'Demo Venue','Demo City','Unknown',0),(2,'The Rose Bowl','Southampton','Unknown',0),(3,'Headingley','Leeds','Unknown',0),(4,'Edgbaston','Birmingham','Unknown',0),(5,'County Ground','Bristol','Unknown',0),(6,'Emirates Old Trafford','Manchester','Unknown',0),(7,'Kennington Oval','London','Unknown',0),(8,'North Marine Road Ground','Scarborough','Unknown',0),(9,'Grace Road','Leicester','Unknown',0),(10,'County Ground','Hove','Unknown',0),(11,'Trent Bridge','Nottingham','Unknown',0),(12,'County Ground','Chelmsford','Unknown',0),(13,'County Ground','Northampton','Unknown',0),(14,'Stanley Park','Blackpool','Unknown',0),(15,'New Road','Worcester','Unknown',0),(16,'Riverside Ground','Chester-le-Street','Unknown',0),(17,'Queen\'s Park','Chesterfield','Unknown',0),(18,'Bharat Ratna Shri Atal Bihari Vajpayee Ekana Cricket Stadium','Lucknow','Unknown',0),(19,'MA Chidambaram Stadium','Chennai','Unknown',0),(20,'Grand Prairie Stadium','Dallas','Unknown',0),(21,'Coolidge Cricket Ground','Antigua','Unknown',0),(22,'Bir Sreshtho Flight Lieutenant Matiur Rahman Stadium','Chattogram','Unknown',0),(23,'Rangiri Dambulla International Stadium','Dambulla','Unknown',0),(24,'Maple Leaf North-West Ground','King City','Unknown',0),(25,'Gahanga B Ground','Kigali City','Unknown',0),(26,'Gahanga International Cricket Stadium','Kigali City','Unknown',0),(27,'Svanholm Park','Brondby','Unknown',0),(28,'Holkar Stadium','Indore','Unknown',0),(29,'Srikantadatta Narasimha Raja Wadeyar Ground','Mysore','Unknown',0),(30,'White Hill Field, Sandys Parish','Hamilton','Unknown',0),(31,'Namibia Cricket Ground',' Windhoek','Unknown',0),(32,'Happy Valley Ground','Episkopi','Unknown',0),(33,'Moara Vlasiei Cricket Ground','Ilfov County','Unknown',0);
/*!40000 ALTER TABLE `venues` ENABLE KEYS */;
UNLOCK TABLES;
/*!40103 SET TIME_ZONE=@OLD_TIME_ZONE */;

/*!40101 SET SQL_MODE=@OLD_SQL_MODE */;
/*!40014 SET FOREIGN_KEY_CHECKS=@OLD_FOREIGN_KEY_CHECKS */;
/*!40014 SET UNIQUE_CHECKS=@OLD_UNIQUE_CHECKS */;
/*!40101 SET CHARACTER_SET_CLIENT=@OLD_CHARACTER_SET_CLIENT */;
/*!40101 SET CHARACTER_SET_RESULTS=@OLD_CHARACTER_SET_RESULTS */;
/*!40101 SET COLLATION_CONNECTION=@OLD_COLLATION_CONNECTION */;
/*!40111 SET SQL_NOTES=@OLD_SQL_NOTES */;

-- Dump completed on 2026-06-22 18:30:27
